# FacialRigging export
o procedural_head
v 0 0.55 0
v 0 0.55 0
v 0 0.55 0
v 0 0.55 0
v 0 0.55 0
v 0 0.55 0
v 0 0.55 0
v 0 0.55 0
v 0 0.55 0
v 0 0.55 0
v 0 0.55 0
v 0 0.55 0
v 0 0.55 -0
v 0 0.55 -0
v 0 0.55 -0
v 0 0.55 -0
v 0 0.55 -0
v 0 0.55 -0
v 0 0.55 -0
v 0 0.55 -0
v 0 0.55 -0
v 0 0.55 -0
v 0 0.55 -0
v 0 0.55 -0
v -0 0.55 -0
v -0 0.55 -0
v -0 0.55 -0
v -0 0.55 -0
v -0 0.55 -0
v -0 0.55 -0
v -0 0.55 -0
v -0 0.55 -0
v -0 0.55 -0
v -0 0.55 -0
v -0 0.55 -0
v -0 0.55 -0
v -0 0.55 0
v -0 0.55 0
v -0 0.55 0
v -0 0.55 0
v -0 0.55 0
v -0 0.55 0
v -0 0.55 0
v -0 0.55 0
v -0 0.55 0
v -0 0.55 0
v -0 0.55 0
v -0 0.55 0
v 0 0.55 0
v 0 0.547352 0.0441077
v 0.0053734 0.547352 0.0437304
v 0.0106549 0.547352 0.0426048
v 0.015754 0.547352 0.0407502
v 0.0205836 0.547352 0.0381984
v 0.025061 0.547352 0.034993
v 0.0291096 0.547352 0.0311889
v 0.0326601 0.547352 0.0268511
v 0.0356518 0.547352 0.0220539
v 0.0380335 0.547352 0.0168793
v 0.0397645 0.547352 0.0114159
v 0.040815 0.547352 0.00575721
v 0.0411672 0.547352 -1.6281e-09
v 0.040815 0.547352 -0.00486165
v 0.0397645 0.547352 -0.00964011
v 0.0380335 0.547352 -0.0142536
v 0.0356518 0.547352 -0.0186233
v 0.0326601 0.547352 -0.0226742
v 0.0291096 0.547352 -0.0263373
v 0.025061 0.547352 -0.0295497
v 0.0205836 0.547352 -0.0322564
v 0.015754 0.547352 -0.0344113
v 0.0106548 0.547352 -0.0359774
v 0.00537339 0.547352 -0.0369279
v -3.59895e-09 0.547352 -0.0372465
v -0.0053734 0.547352 -0.0369279
v -0.0106549 0.547352 -0.0359774
v -0.015754 0.547352 -0.0344113
v -0.0205836 0.547352 -0.0322564
v -0.025061 0.547352 -0.0295496
v -0.0291096 0.547352 -0.0263373
v -0.0326601 0.547352 -0.0226742
v -0.0356518 0.547352 -0.0186233
v -0.0380335 0.547352 -0.0142536
v -0.0397645 0.547352 -0.0096401
v -0.040815 0.547352 -0.00486164
v -0.0411672 0.547352 5.25979e-10
v -0.040815 0.547352 0.00575722
v -0.0397645 0.547352 0.0114159
v -0.0380335 0.547352 0.0168793
v -0.0356518 0.547352 0.0220539
v -0.0326601 0.547352 0.0268511
v -0.0291096 0.547352 0.0311889
v -0.025061 0.547352 0.034993
v -0.0205836 0.547352 0.0381984
v -0.015754 0.547352 0.0407502
v -0.0106548 0.547352 0.0426048
v -0.00537338 0.547352 0.0437304
v 7.1979e-09 0.547352 0.0441077
v 0 0.539432 0.0877906
v 0.010695 0.539432 0.0870396
v 0.0212071 0.539432 0.0847993
v 0.0313563 0.539432 0.081108
v 0.040969 0.539432 0.0760289
v 0.0498807 0.539432 0.069649
v 0.0579389 0.539432 0.0620774
v 0.0650057 0.539432 0.0534436
v 0.0709603 0.539432 0.0438953
v 0.0757008 0.539432 0.033596
v 0.079146 0.539432 0.0227219
v 0.0812369 0.539432 0.011459
v 0.0819379 0.539432 -3.24051e-09
v 0.0812369 0.539432 -0.00967648
v 0.079146 0.539432 -0.0191874
v 0.0757008 0.539432 -0.02837
v 0.0709603 0.539432 -0.0370672
v 0.0650057 0.539432 -0.0451301
v 0.0579389 0.539432 -0.0524209
v 0.0498806 0.539432 -0.0588147
v 0.040969 0.539432 -0.0642022
v 0.0313563 0.539432 -0.0684912
v 0.0212071 0.539432 -0.0716083
v 0.010695 0.539432 -0.0735001
v -7.16324e-09 0.539432 -0.0741343
v -0.0106951 0.539432 -0.0735001
v -0.0212071 0.539432 -0.0716083
v -0.0313563 0.539432 -0.0684912
v -0.040969 0.539432 -0.0642022
v -0.0498807 0.539432 -0.0588147
v -0.0579389 0.539432 -0.0524209
v -0.0650057 0.539432 -0.0451301
v -0.0709603 0.539432 -0.0370672
v -0.0757008 0.539432 -0.02837
v -0.079146 0.539432 -0.0191874
v -0.0812369 0.539432 -0.00967645
v -0.0819379 0.539432 1.04689e-09
v -0.0812369 0.539432 0.011459
v -0.079146 0.539432 0.0227219
v -0.0757008 0.539432 0.033596
v -0.0709603 0.539432 0.0438953
v -0.0650057 0.539432 0.0534436
v -0.0579388 0.539432 0.0620774
v -0.0498806 0.539432 0.069649
v -0.0409689 0.539432 0.0760289
v -0.0313563 0.539432 0.081108
v -0.0212071 0.539432 0.0847993
v -0.010695 0.539432 0.0870396
v 1.43265e-08 0.539432 0.0877906
v 0 0.526317 0.130628
v 0.0159137 0.526317 0.129511
v 0.0315551 0.526317 0.126177
v 0.0466566 0.526317 0.120685
v 0.0609598 0.526317 0.113127
v 0.0742199 0.526317 0.103634
v 0.0862102 0.526317 0.092368
v 0.0967253 0.526317 0.0795214
v 0.105585 0.526317 0.065314
v 0.112639 0.526317 0.0499892
v 0.117765 0.526317 0.033809
v 0.120877 0.526317 0.0170504
v 0.12192 0.526317 -4.82172e-09
v 0.120877 0.526317 -0.0143981
v 0.117765 0.526317 -0.0285499
v 0.112639 0.526317 -0.0422131
v 0.105585 0.526317 -0.0551541
v 0.0967253 0.526317 -0.0671514
v 0.0862102 0.526317 -0.0779997
v 0.0742199 0.526317 -0.0875134
v 0.0609598 0.526317 -0.0955297
v 0.0466566 0.526317 -0.101911
v 0.0315551 0.526317 -0.10655
v 0.0159137 0.526317 -0.109364
v -1.06585e-08 0.526317 -0.110308
v -0.0159137 0.526317 -0.109364
v -0.0315551 0.526317 -0.10655
v -0.0466566 0.526317 -0.101911
v -0.0609598 0.526317 -0.0955297
v -0.07422 0.526317 -0.0875133
v -0.0862102 0.526317 -0.0779997
v -0.0967253 0.526317 -0.0671514
v -0.105585 0.526317 -0.0551541
v -0.112639 0.526317 -0.0422131
v -0.117765 0.526317 -0.0285499
v -0.120877 0.526317 -0.0143981
v -0.12192 0.526317 1.55772e-09
v -0.120877 0.526317 0.0170504
v -0.117765 0.526317 0.0338091
v -0.112639 0.526317 0.0499892
v -0.105585 0.526317 0.065314
v -0.0967253 0.526317 0.0795214
v -0.0862101 0.526317 0.0923681
v -0.0742199 0.526317 0.103634
v -0.0609598 0.526317 0.113127
v -0.0466566 0.526317 0.120685
v -0.0315551 0.526317 0.126177
v -0.0159136 0.526317 0.129511
v 2.13171e-08 0.526317 0.130628
v 0 0.508134 0.172208
v 0.0209791 0.508134 0.170734
v 0.0415992 0.508134 0.16634
v 0.0615076 0.508134 0.159099
v 0.0803635 0.508134 0.149136
v 0.0978444 0.508134 0.136621
v 0.113651 0.508134 0.121769
v 0.127513 0.508134 0.104833
v 0.139194 0.508134 0.0861038
v 0.148492 0.508134 0.065901
v 0.15525 0.508134 0.0445706
v 0.159352 0.508134 0.0224776
v 0.160727 0.508134 -6.3565e-09
v 0.159352 0.508134 -0.0189811
v 0.15525 0.508134 -0.0376374
v 0.148492 0.508134 -0.0556497
v 0.139194 0.508134 -0.0727099
v 0.127513 0.508134 -0.0885259
v 0.113651 0.508134 -0.102827
v 0.0978444 0.508134 -0.115369
v 0.0803635 0.508134 -0.125937
v 0.0615076 0.508134 -0.13435
v 0.0415992 0.508134 -0.140465
v 0.0209791 0.508134 -0.144176
v -1.40512e-08 0.508134 -0.14542
v -0.0209791 0.508134 -0.144176
v -0.0415993 0.508134 -0.140465
v -0.0615076 0.508134 -0.13435
v -0.0803635 0.508134 -0.125937
v -0.0978445 0.508134 -0.115369
v -0.113651 0.508134 -0.102827
v -0.127513 0.508134 -0.0885259
v -0.139194 0.508134 -0.0727098
v -0.148492 0.508134 -0.0556497
v -0.15525 0.508134 -0.0376374
v -0.159352 0.508134 -0.018981
v -0.160727 0.508134 2.05355e-09
v -0.159352 0.508134 0.0224776
v -0.15525 0.508134 0.0445707
v -0.148492 0.508134 0.065901
v -0.139194 0.508134 0.0861038
v -0.127513 0.508134 0.104833
v -0.113651 0.508134 0.121769
v -0.0978444 0.508134 0.136621
v -0.0803635 0.508134 0.149136
v -0.0615076 0.508134 0.159099
v -0.0415992 0.508134 0.16634
v -0.020979 0.508134 0.170734
v 2.81024e-08 0.508134 0.172208
v 0 0.485057 0.212129
v 0.0258424 0.485057 0.210314
v 0.0512427 0.485057 0.2049
v 0.0757662 0.485057 0.195981
v 0.0989933 0.485057 0.183709
v 0.120527 0.485057 0.168293
v 0.139998 0.485057 0.149998
v 0.157073 0.485057 0.129136
v 0.171461 0.485057 0.106064
v 0.182916 0.485057 0.0811781
v 0.19124 0.485057 0.0549029
v 0.196293 0.485057 0.0276883
v 0.197987 0.485057 -7.83005e-09
v 0.196293 0.485057 -0.0233813
v 0.19124 0.485057 -0.0463625
v 0.182916 0.485057 -0.0685504
v 0.171461 0.485057 -0.0895654
v 0.157073 0.485057 -0.109048
v 0.139998 0.485057 -0.126665
v 0.120527 0.485057 -0.142114
v 0.0989933 0.485057 -0.155132
v 0.0757662 0.485057 -0.165495
v 0.0512427 0.485057 -0.173027
v 0.0258424 0.485057 -0.177598
v -1.73085e-08 0.485057 -0.179131
v -0.0258425 0.485057 -0.177598
v -0.0512428 0.485057 -0.173027
v -0.0757662 0.485057 -0.165495
v -0.0989933 0.485057 -0.155132
v -0.120527 0.485057 -0.142114
v -0.139998 0.485057 -0.126665
v -0.157073 0.485057 -0.109048
v -0.171461 0.485057 -0.0895654
v -0.182916 0.485057 -0.0685503
v -0.19124 0.485057 -0.0463624
v -0.196293 0.485057 -0.0233812
v -0.197987 0.485057 2.52961e-09
v -0.196293 0.485057 0.0276884
v -0.19124 0.485057 0.054903
v -0.182916 0.485057 0.0811781
v -0.171461 0.485057 0.106064
v -0.157073 0.485057 0.129136
v -0.139998 0.485057 0.149998
v -0.120527 0.485057 0.168293
v -0.0989933 0.485057 0.183709
v -0.0757662 0.485057 0.195981
v -0.0512427 0.485057 0.2049
v -0.0258424 0.485057 0.210314
v 3.46171e-08 0.485057 0.212129
v 0 0.457308 0.250007
v 0.0304569 0.457308 0.247868
v 0.0603927 0.457308 0.241488
v 0.0892952 0.457308 0.230976
v 0.11667 0.457308 0.216512
v 0.142048 0.457308 0.198344
v 0.164996 0.457308 0.176781
v 0.185121 0.457308 0.152194
v 0.202078 0.457308 0.125003
v 0.215578 0.457308 0.0956734
v 0.225389 0.457308 0.0647065
v 0.231343 0.457308 0.0326324
v 0.233339 0.457308 -9.2282e-09
v 0.231343 0.457308 -0.0275563
v 0.225389 0.457308 -0.054641
v 0.215578 0.457308 -0.0807909
v 0.202078 0.457308 -0.105558
v 0.185121 0.457308 -0.12852
v 0.164996 0.457308 -0.149282
v 0.142048 0.457308 -0.16749
v 0.11667 0.457308 -0.182832
v 0.0892951 0.457308 -0.195046
v 0.0603927 0.457308 -0.203923
v 0.0304569 0.457308 -0.209311
v -2.03992e-08 0.457308 -0.211117
v -0.0304569 0.457308 -0.209311
v -0.0603928 0.457308 -0.203923
v -0.0892952 0.457308 -0.195046
v -0.11667 0.457308 -0.182832
v -0.142048 0.457308 -0.16749
v -0.164996 0.457308 -0.149282
v -0.185121 0.457308 -0.12852
v -0.202078 0.457308 -0.105558
v -0.215578 0.457308 -0.0807908
v -0.225389 0.457308 -0.054641
v -0.231343 0.457308 -0.0275562
v -0.233339 0.457308 2.9813e-09
v -0.231343 0.457308 0.0326325
v -0.225389 0.457308 0.0647066
v -0.215578 0.457308 0.0956734
v -0.202078 0.457308 0.125003
v -0.185121 0.457308 0.152194
v -0.164996 0.457308 0.176781
v -0.142048 0.457308 0.198344
v -0.11667 0.457308 0.216512
v -0.0892952 0.457308 0.230976
v -0.0603927 0.457308 0.241488
v -0.0304568 0.457308 0.247868
v 4.07984e-08 0.457308 0.250007
v 0 0.425156 0.285477
v 0.0347781 0.425156 0.283035
v 0.0689611 0.425156 0.27575
v 0.101964 0.425156 0.263746
v 0.133223 0.425156 0.24723
v 0.162202 0.425156 0.226484
v 0.188405 0.425156 0.201863
v 0.211385 0.425156 0.173787
v 0.230748 0.425156 0.142738
v 0.246163 0.425156 0.109247
v 0.257366 0.425156 0.0738869
v 0.264166 0.425156 0.0372622
v 0.266445 0.425156 -1.05375e-08
v 0.264166 0.425156 -0.0314659
v 0.257366 0.425156 -0.0623934
v 0.246163 0.425156 -0.0922533
v 0.230748 0.425156 -0.120535
v 0.211385 0.425156 -0.146754
v 0.188405 0.425156 -0.170462
v 0.162202 0.425156 -0.191253
v 0.133223 0.425156 -0.208772
v 0.101964 0.425156 -0.222719
v 0.0689611 0.425156 -0.232855
v 0.034778 0.425156 -0.239007
v -2.32934e-08 0.425156 -0.241069
v -0.0347781 0.425156 -0.239007
v -0.0689612 0.425156 -0.232855
v -0.101964 0.425156 -0.222719
v -0.133223 0.425156 -0.208772
v -0.162202 0.425156 -0.191253
v -0.188405 0.425156 -0.170462
v -0.211385 0.425156 -0.146754
v -0.230748 0.425156 -0.120535
v -0.246163 0.425156 -0.0922532
v -0.257366 0.425156 -0.0623934
v -0.264166 0.425156 -0.0314658
v -0.266445 0.425156 3.40428e-09
v -0.264166 0.425156 0.0372623
v -0.257366 0.425156 0.073887
v -0.246163 0.425156 0.109247
v -0.230748 0.425156 0.142738
v -0.211385 0.425156 0.173787
v -0.188405 0.425156 0.201863
v -0.162202 0.425156 0.226484
v -0.133223 0.425156 0.24723
v -0.101964 0.425156 0.263746
v -0.068961 0.425156 0.27575
v -0.034778 0.425156 0.283035
v 4.65868e-08 0.425156 0.285477
v 0 0.388909 0.318198
v 0.0387643 0.388909 0.315476
v 0.0768653 0.388909 0.307356
v 0.113651 0.388909 0.293977
v 0.148492 0.388909 0.275568
v 0.180793 0.388909 0.252443
v 0.21 0.388909 0.225
v 0.235614 0.388909 0.193707
v 0.257196 0.388909 0.159099
v 0.274378 0.388909 0.121769
v 0.286865 0.388909 0.0823557
v 0.294444 0.388909 0.0415332
v 0.296985 0.388909 -1.17453e-08
v 0.294444 0.388909 -0.0350725
v 0.286865 0.388909 -0.0695448
v 0.274378 0.388909 -0.102827
v 0.257196 0.388909 -0.13435
v 0.235614 0.388909 -0.163575
v 0.21 0.388909 -0.19
v 0.180793 0.388909 -0.213175
v 0.148492 0.388909 -0.232702
v 0.113651 0.388909 -0.248247
v 0.0768653 0.388909 -0.259545
v 0.0387643 0.388909 -0.266402
v -2.59632e-08 0.388909 -0.268701
v -0.0387643 0.388909 -0.266402
v -0.0768654 0.388909 -0.259545
v -0.113651 0.388909 -0.248247
v -0.148492 0.388909 -0.232702
v -0.180793 0.388909 -0.213174
v -0.21 0.388909 -0.19
v -0.235614 0.388909 -0.163575
v -0.257196 0.388909 -0.13435
v -0.274378 0.388909 -0.102827
v -0.286865 0.388909 -0.0695448
v -0.294444 0.388909 -0.0350724
v -0.296985 0.388909 3.79447e-09
v -0.294444 0.388909 0.0415332
v -0.286865 0.388909 0.0823558
v -0.274378 0.388909 0.121769
v -0.257196 0.388909 0.159099
v -0.235614 0.388909 0.193707
v -0.21 0.388909 0.225
v -0.180793 0.388909 0.252443
v -0.148492 0.388909 0.275568
v -0.113651 0.388909 0.293977
v -0.0768653 0.388909 0.307356
v -0.0387642 0.388909 0.315476
v 5.19265e-08 0.388909 0.318198
v 0 0.348916 0.347855
v 0.0423772 0.348916 0.344879
v 0.0840293 0.348916 0.336002
v 0.124244 0.348916 0.321376
v 0.162332 0.348916 0.301251
v 0.197643 0.348916 0.275972
v 0.229572 0.348916 0.24597
v 0.257574 0.348916 0.211761
v 0.281168 0.348916 0.173927
v 0.299951 0.348916 0.133118
v 0.313602 0.348916 0.0900314
v 0.321887 0.348916 0.0454041
v 0.324664 0.348916 -1.284e-08
v 0.321887 0.348916 -0.0383413
v 0.313602 0.348916 -0.0760265
v 0.299951 0.348916 -0.112411
v 0.281168 0.348916 -0.146872
v 0.257574 0.348916 -0.17882
v 0.229572 0.348916 -0.207708
v 0.197643 0.348916 -0.233043
v 0.162332 0.348916 -0.25439
v 0.124244 0.348916 -0.271384
v 0.0840293 0.348916 -0.283735
v 0.0423772 0.348916 -0.291231
v -2.83831e-08 0.348916 -0.293744
v -0.0423772 0.348916 -0.291231
v -0.0840294 0.348916 -0.283735
v -0.124244 0.348916 -0.271384
v -0.162332 0.348916 -0.25439
v -0.197643 0.348916 -0.233043
v -0.229572 0.348916 -0.207708
v -0.257574 0.348916 -0.17882
v -0.281168 0.348916 -0.146872
v -0.299951 0.348916 -0.112411
v -0.313602 0.348916 -0.0760265
v -0.321887 0.348916 -0.0383412
v -0.324664 0.348916 4.14813e-09
v -0.321887 0.348916 0.0454042
v -0.313602 0.348916 0.0900316
v -0.299951 0.348916 0.133118
v -0.281168 0.348916 0.173927
v -0.257574 0.348916 0.211761
v -0.229572 0.348916 0.245971
v -0.197643 0.348916 0.275972
v -0.162332 0.348916 0.301251
v -0.124244 0.348916 0.321376
v -0.0840293 0.348916 0.336002
v -0.0423771 0.348916 0.344879
v 5.67661e-08 0.348916 0.347855
v 0 0.305564 0.374161
v 0.045582 0.305564 0.37096
v 0.0903841 0.305564 0.361412
v 0.13364 0.305564 0.34568
v 0.174609 0.305564 0.324033
v 0.21259 0.305564 0.296842
v 0.246934 0.305564 0.264572
v 0.277053 0.305564 0.227775
v 0.302431 0.305564 0.187081
v 0.322635 0.305564 0.143185
v 0.337318 0.305564 0.0968401
v 0.34623 0.305564 0.0488378
v 0.349217 0.305564 -1.3811e-08
v 0.34623 0.305564 -0.0412409
v 0.337318 0.305564 -0.0817761
v 0.322635 0.305564 -0.120912
v 0.302431 0.305564 -0.157979
v 0.277053 0.305564 -0.192343
v 0.246934 0.305564 -0.223416
v 0.21259 0.305564 -0.250667
v 0.174609 0.305564 -0.273628
v 0.13364 0.305564 -0.291908
v 0.090384 0.305564 -0.305192
v 0.045582 0.305564 -0.313255
v -3.05295e-08 0.305564 -0.315958
v -0.045582 0.305564 -0.313255
v -0.0903842 0.305564 -0.305192
v -0.13364 0.305564 -0.291908
v -0.174609 0.305564 -0.273628
v -0.21259 0.305564 -0.250667
v -0.246934 0.305564 -0.223416
v -0.277053 0.305564 -0.192343
v -0.302431 0.305564 -0.157979
v -0.322635 0.305564 -0.120912
v -0.337318 0.305564 -0.081776
v -0.34623 0.305564 -0.0412408
v -0.349217 0.305564 4.46183e-09
v -0.34623 0.305564 0.0488379
v -0.337318 0.305564 0.0968402
v -0.322635 0.305564 0.143185
v -0.302431 0.305564 0.187081
v -0.277053 0.305564 0.227775
v -0.246934 0.305564 0.264572
v -0.21259 0.305564 0.296842
v -0.174609 0.305564 0.324033
v -0.13364 0.305564 0.34568
v -0.090384 0.305564 0.361412
v -0.0455818 0.305564 0.37096
v 6.10591e-08 0.305564 0.374161
v 0 0.259268 0.396865
v 0.0483478 0.259268 0.393469
v 0.0958684 0.259268 0.383342
v 0.141749 0.259268 0.366655
v 0.185203 0.259268 0.343695
v 0.225489 0.259268 0.314854
v 0.261917 0.259268 0.280626
v 0.293864 0.259268 0.241596
v 0.320782 0.259268 0.198432
v 0.342211 0.259268 0.151873
v 0.357786 0.259268 0.102716
v 0.367238 0.259268 0.0518012
v 0.370407 0.259268 -1.4649e-08
v 0.367238 0.259268 -0.0437433
v 0.357786 0.259268 -0.086738
v 0.342211 0.259268 -0.128249
v 0.320782 0.259268 -0.167565
v 0.293864 0.259268 -0.204014
v 0.261917 0.259268 -0.236973
v 0.225489 0.259268 -0.265877
v 0.185203 0.259268 -0.290231
v 0.141749 0.259268 -0.30962
v 0.0958683 0.259268 -0.323711
v 0.0483478 0.259268 -0.332263
v -3.2382e-08 0.259268 -0.33513
v -0.0483478 0.259268 -0.332263
v -0.0958685 0.259268 -0.323711
v -0.141749 0.259268 -0.30962
v -0.185203 0.259268 -0.290231
v -0.22549 0.259268 -0.265877
v -0.261917 0.259268 -0.236973
v -0.293864 0.259268 -0.204014
v -0.320782 0.259268 -0.167565
v -0.342211 0.259268 -0.128249
v -0.357786 0.259268 -0.086738
v -0.367238 0.259268 -0.0437432
v -0.370407 0.259268 4.73256e-09
v -0.367238 0.259268 0.0518013
v -0.357786 0.259268 0.102716
v -0.342211 0.259268 0.151874
v -0.320782 0.259268 0.198432
v -0.293864 0.259268 0.241596
v -0.261917 0.259268 0.280626
v -0.225489 0.259268 0.314854
v -0.185203 0.259268 0.343695
v -0.141749 0.259268 0.366655
v -0.0958683 0.259268 0.383342
v -0.0483476 0.259268 0.393469
v 6.4764e-08 0.259268 0.396865
v 0 0.210476 0.415746
v 0.050648 0.210476 0.412189
v 0.100429 0.210476 0.40158
v 0.148492 0.210476 0.384099
v 0.194015 0.210476 0.360046
v 0.236217 0.210476 0.329833
v 0.274378 0.210476 0.293977
v 0.307844 0.210476 0.25309
v 0.336043 0.210476 0.207873
v 0.358492 0.210476 0.159099
v 0.374808 0.210476 0.107603
v 0.38471 0.210476 0.0542657
v 0.388029 0.210476 -1.53459e-08
v 0.38471 0.210476 -0.0458244
v 0.374808 0.210476 -0.0908647
v 0.358492 0.210476 -0.13435
v 0.336043 0.210476 -0.175537
v 0.307844 0.210476 -0.21372
v 0.274378 0.210476 -0.248247
v 0.236217 0.210476 -0.278526
v 0.194015 0.210476 -0.304039
v 0.148492 0.210476 -0.32435
v 0.100429 0.210476 -0.339112
v 0.050648 0.210476 -0.348071
v -3.39226e-08 0.210476 -0.351074
v -0.050648 0.210476 -0.348071
v -0.100429 0.210476 -0.339112
v -0.148492 0.210476 -0.32435
v -0.194015 0.210476 -0.304039
v -0.236217 0.210476 -0.278526
v -0.274378 0.210476 -0.248247
v -0.307844 0.210476 -0.21372
v -0.336043 0.210476 -0.175537
v -0.358492 0.210476 -0.13435
v -0.374808 0.210476 -0.0908647
v -0.38471 0.210476 -0.0458243
v -0.388029 0.210476 4.95772e-09
v -0.38471 0.210476 0.0542658
v -0.374808 0.210476 0.107603
v -0.358492 0.210476 0.159099
v -0.336043 0.210476 0.207873
v -0.307844 0.210476 0.25309
v -0.274378 0.210476 0.293977
v -0.236217 0.210476 0.329833
v -0.194015 0.210476 0.360046
v -0.148492 0.210476 0.384099
v -0.100429 0.210476 0.40158
v -0.0506478 0.210476 0.412189
v 6.78452e-08 0.210476 0.415746
v 0 0.159657 0.430623
v 0.0524604 0.159657 0.426939
v 0.104023 0.159657 0.41595
v 0.153806 0.159657 0.397844
v 0.200957 0.159657 0.372931
v 0.24467 0.159657 0.341636
v 0.284197 0.159657 0.304497
v 0.318861 0.159657 0.262147
v 0.348069 0.159657 0.215312
v 0.371321 0.159657 0.164792
v 0.38822 0.159657 0.111453
v 0.398477 0.159657 0.0562076
v 0.401915 0.159657 -1.58951e-08
v 0.398476 0.159657 -0.0474642
v 0.38822 0.159657 -0.0941163
v 0.371321 0.159657 -0.139158
v 0.348069 0.159657 -0.181819
v 0.318861 0.159657 -0.221368
v 0.284197 0.159657 -0.25713
v 0.24467 0.159657 -0.288493
v 0.200957 0.159657 -0.314919
v 0.153806 0.159657 -0.335957
v 0.104023 0.159657 -0.351247
v 0.0524604 0.159657 -0.360526
v -3.51365e-08 0.159657 -0.363637
v -0.0524605 0.159657 -0.360526
v -0.104023 0.159657 -0.351247
v -0.153806 0.159657 -0.335957
v -0.200957 0.159657 -0.314919
v -0.24467 0.159657 -0.288493
v -0.284197 0.159657 -0.25713
v -0.318861 0.159657 -0.221368
v -0.348069 0.159657 -0.181819
v -0.371321 0.159657 -0.139158
v -0.38822 0.159657 -0.0941162
v -0.398477 0.159657 -0.0474641
v -0.401915 0.159657 5.13513e-09
v -0.398476 0.159657 0.0562077
v -0.38822 0.159657 0.111454
v -0.371321 0.159657 0.164792
v -0.348069 0.159657 0.215312
v -0.318861 0.159657 0.262147
v -0.284197 0.159657 0.304497
v -0.24467 0.159657 0.341636
v -0.200957 0.159657 0.372931
v -0.153806 0.159657 0.397844
v -0.104023 0.159657 0.41595
v -0.0524602 0.159657 0.426939
v 7.0273e-08 0.159657 0.430623
v 0 0.1073 0.441353
v 0.0537676 0.1073 0.437578
v 0.106615 0.1073 0.426315
v 0.157639 0.1073 0.407757
v 0.205965 0.1073 0.382223
v 0.250767 0.1073 0.350149
v 0.291278 0.1073 0.312084
v 0.326806 0.1073 0.268679
v 0.356742 0.1073 0.220677
v 0.380574 0.1073 0.168899
v 0.397894 0.1073 0.114231
v 0.408406 0.1073 0.0576081
v 0.41193 0.1073 -1.62912e-08
v 0.408406 0.1073 -0.048647
v 0.397894 0.1073 -0.0964615
v 0.380574 0.1073 -0.142626
v 0.356742 0.1073 -0.186349
v 0.326806 0.1073 -0.226884
v 0.291278 0.1073 -0.263538
v 0.250767 0.1073 -0.295682
v 0.205965 0.1073 -0.322766
v 0.157639 0.1073 -0.344328
v 0.106615 0.1073 -0.359999
v 0.0537676 0.1073 -0.36951
v -3.60121e-08 0.1073 -0.372698
v -0.0537677 0.1073 -0.36951
v -0.106615 0.1073 -0.359999
v -0.157639 0.1073 -0.344328
v -0.205965 0.1073 -0.322766
v -0.250767 0.1073 -0.295681
v -0.291278 0.1073 -0.263538
v -0.326806 0.1073 -0.226884
v -0.356742 0.1073 -0.186349
v -0.380574 0.1073 -0.142625
v -0.397894 0.1073 -0.0964614
v -0.408406 0.1073 -0.0486468
v -0.41193 0.1073 5.26309e-09
v -0.408406 0.1073 0.0576083
v -0.397894 0.1073 0.114231
v -0.380573 0.1073 0.168899
v -0.356742 0.1073 0.220677
v -0.326806 0.1073 0.268679
v -0.291278 0.1073 0.312084
v -0.250767 0.1073 0.350149
v -0.205965 0.1073 0.382223
v -0.157639 0.1073 0.407757
v -0.106615 0.1073 0.426315
v -0.0537675 0.1073 0.437578
v 7.20241e-08 0.1073 0.441353
v 0 0.0539094 0.447833
v 0.054557 0.0539094 0.444002
v 0.108181 0.0539094 0.432574
v 0.159953 0.0539094 0.413744
v 0.208989 0.0539094 0.387835
v 0.254449 0.0539094 0.35529
v 0.295555 0.0539094 0.316666
v 0.331604 0.0539094 0.272624
v 0.361979 0.0539094 0.223917
v 0.386161 0.0539094 0.171378
v 0.403735 0.0539094 0.115908
v 0.414402 0.0539094 0.0584539
v 0.417978 0.0539094 -1.65303e-08
v 0.414402 0.0539094 -0.0493612
v 0.403735 0.0539094 -0.0978777
v 0.386161 0.0539094 -0.144719
v 0.361979 0.0539094 -0.189085
v 0.331604 0.0539094 -0.230215
v 0.295555 0.0539094 -0.267407
v 0.254449 0.0539094 -0.300023
v 0.208989 0.0539094 -0.327505
v 0.159953 0.0539094 -0.349384
v 0.108181 0.0539094 -0.365284
v 0.054557 0.0539094 -0.374935
v -3.65408e-08 0.0539094 -0.37817
v -0.0545571 0.0539094 -0.374935
v -0.108181 0.0539094 -0.365284
v -0.159953 0.0539094 -0.349384
v -0.208989 0.0539094 -0.327505
v -0.254449 0.0539094 -0.300023
v -0.295555 0.0539094 -0.267407
v -0.331604 0.0539094 -0.230215
v -0.361979 0.0539094 -0.189085
v -0.386161 0.0539094 -0.144719
v -0.403735 0.0539094 -0.0978776
v -0.414402 0.0539094 -0.049361
v -0.417978 0.0539094 5.34036e-09
v -0.414402 0.0539094 0.0584541
v -0.403735 0.0539094 0.115908
v -0.386161 0.0539094 0.171378
v -0.361979 0.0539094 0.223917
v -0.331604 0.0539094 0.272624
v -0.295555 0.0539094 0.316666
v -0.254449 0.0539094 0.35529
v -0.208989 0.0539094 0.387835
v -0.159953 0.0539094 0.413744
v -0.10818 0.0539094 0.432574
v -0.0545568 0.0539094 0.444002
v 7.30815e-08 0.0539094 0.447833
v 0 -2.40413e-08 0.45
v 0.054821 -2.40413e-08 0.44615
v 0.108704 -2.40413e-08 0.434667
v 0.160727 -2.40413e-08 0.415746
v 0.21 -2.40413e-08 0.389711
v 0.25568 -2.40413e-08 0.357009
v 0.296985 -2.40413e-08 0.318198
v 0.333208 -2.40413e-08 0.273943
v 0.363731 -2.40413e-08 0.225
v 0.388029 -2.40413e-08 0.172208
v 0.405689 -2.40413e-08 0.116469
v 0.416407 -2.40413e-08 0.0587368
v 0.42 -2.40413e-08 -1.66103e-08
v 0.416407 -2.40413e-08 -0.0496
v 0.405689 -2.40413e-08 -0.0983512
v 0.388029 -2.40413e-08 -0.14542
v 0.363731 -2.40413e-08 -0.19
v 0.333208 -2.40413e-08 -0.231329
v 0.296985 -2.40413e-08 -0.268701
v 0.25568 -2.40413e-08 -0.301474
v 0.21 -2.40413e-08 -0.32909
v 0.160727 -2.40413e-08 -0.351074
v 0.108704 -2.40413e-08 -0.367052
v 0.054821 -2.40413e-08 -0.376749
v -3.67176e-08 -2.40413e-08 -0.38
v -0.054821 -2.40413e-08 -0.376749
v -0.108704 -2.40413e-08 -0.367052
v -0.160727 -2.40413e-08 -0.351074
v -0.21 -2.40413e-08 -0.32909
v -0.25568 -2.40413e-08 -0.301474
v -0.296985 -2.40413e-08 -0.268701
v -0.333208 -2.40413e-08 -0.231329
v -0.363731 -2.40413e-08 -0.19
v -0.388029 -2.40413e-08 -0.14542
v -0.405689 -2.40413e-08 -0.0983512
v -0.416407 -2.40413e-08 -0.0495998
v -0.42 -2.40413e-08 5.3662e-09
v -0.416407 -2.40413e-08 0.0587369
v -0.405689 -2.40413e-08 0.116469
v -0.388029 -2.40413e-08 0.172208
v -0.363731 -2.40413e-08 0.225
v -0.333208 -2.40413e-08 0.273943
v -0.296985 -2.40413e-08 0.318198
v -0.25568 -2.40413e-08 0.357009
v -0.21 -2.40413e-08 0.389711
v -0.160727 -2.40413e-08 0.415746
v -0.108704 -2.40413e-08 0.434667
v -0.0548208 -2.40413e-08 0.44615
v 7.34351e-08 -2.40413e-08 0.45
v 0 -0.0539095 0.447833
v 0.0535276 -0.0539095 0.444002
v 0.106139 -0.0539095 0.432574
v 0.156935 -0.0539095 0.413744
v 0.205046 -0.0539095 0.387835
v 0.249648 -0.0539095 0.35529
v 0.289978 -0.0539095 0.316666
v 0.325347 -0.0539095 0.272624
v 0.355149 -0.0539095 0.223917
v 0.378875 -0.0539095 0.171378
v 0.396118 -0.0539095 0.115908
v 0.406583 -0.0539095 0.0584539
v 0.410091 -0.0539095 -1.65303e-08
v 0.406583 -0.0539095 -0.0493612
v 0.396118 -0.0539095 -0.0978777
v 0.378875 -0.0539095 -0.144719
v 0.355149 -0.0539095 -0.189085
v 0.325347 -0.0539095 -0.230215
v 0.289978 -0.0539095 -0.267407
v 0.249648 -0.0539095 -0.300023
v 0.205046 -0.0539095 -0.327505
v 0.156935 -0.0539095 -0.349384
v 0.106139 -0.0539095 -0.365284
v 0.0535276 -0.0539095 -0.374935
v -3.58513e-08 -0.0539095 -0.37817
v -0.0535276 -0.0539095 -0.374935
v -0.106139 -0.0539095 -0.365284
v -0.156935 -0.0539095 -0.349384
v -0.205046 -0.0539095 -0.327505
v -0.249648 -0.0539095 -0.300023
v -0.289978 -0.0539095 -0.267407
v -0.325347 -0.0539095 -0.230215
v -0.355149 -0.0539095 -0.189085
v -0.378875 -0.0539095 -0.144719
v -0.396118 -0.0539095 -0.0978776
v -0.406583 -0.0539095 -0.049361
v -0.410091 -0.0539095 5.34036e-09
v -0.406583 -0.0539095 0.0584541
v -0.396117 -0.0539095 0.115908
v -0.378875 -0.0539095 0.171378
v -0.355149 -0.0539095 0.223917
v -0.325347 -0.0539095 0.272624
v -0.289978 -0.0539095 0.316666
v -0.249648 -0.0539095 0.35529
v -0.205045 -0.0539095 0.387835
v -0.156935 -0.0539095 0.413744
v -0.106139 -0.0539095 0.432574
v -0.0535274 -0.0539095 0.444002
v 7.17026e-08 -0.0539095 0.447833
v 0 -0.1073 0.441353
v 0.0517484 -0.1073 0.437578
v 0.102611 -0.1073 0.426315
v 0.151719 -0.1073 0.407757
v 0.19823 -0.1073 0.382223
v 0.241349 -0.1073 0.350149
v 0.280339 -0.1073 0.312084
v 0.314533 -0.1073 0.268679
v 0.343344 -0.1073 0.220677
v 0.366281 -0.1073 0.168899
v 0.382951 -0.1073 0.114231
v 0.393068 -0.1073 0.0576081
v 0.39646 -0.1073 -1.62912e-08
v 0.393068 -0.1073 -0.048647
v 0.382951 -0.1073 -0.0964614
v 0.366281 -0.1073 -0.142626
v 0.343344 -0.1073 -0.186349
v 0.314533 -0.1073 -0.226884
v 0.280339 -0.1073 -0.263538
v 0.241349 -0.1073 -0.295682
v 0.19823 -0.1073 -0.322766
v 0.151719 -0.1073 -0.344328
v 0.102611 -0.1073 -0.359999
v 0.0517483 -0.1073 -0.36951
v -3.46596e-08 -0.1073 -0.372698
v -0.0517484 -0.1073 -0.36951
v -0.102611 -0.1073 -0.359999
v -0.151719 -0.1073 -0.344328
v -0.19823 -0.1073 -0.322766
v -0.24135 -0.1073 -0.295681
v -0.280339 -0.1073 -0.263537
v -0.314533 -0.1073 -0.226884
v -0.343344 -0.1073 -0.186349
v -0.366281 -0.1073 -0.142625
v -0.382951 -0.1073 -0.0964614
v -0.393068 -0.1073 -0.0486468
v -0.39646 -0.1073 5.26309e-09
v -0.393068 -0.1073 0.0576083
v -0.382951 -0.1073 0.114231
v -0.366281 -0.1073 0.168899
v -0.343344 -0.1073 0.220677
v -0.314533 -0.1073 0.268679
v -0.280339 -0.1073 0.312084
v -0.241349 -0.1073 0.350149
v -0.19823 -0.1073 0.382223
v -0.151719 -0.1073 0.407757
v -0.102611 -0.1073 0.426315
v -0.0517482 -0.1073 0.437578
v 6.93192e-08 -0.1073 0.441353
v 0 -0.159657 0.430623
v 0.0495289 -0.159657 0.426939
v 0.0982104 -0.159657 0.41595
v 0.145212 -0.159657 0.397844
v 0.189728 -0.159657 0.372931
v 0.230998 -0.159657 0.341636
v 0.268316 -0.159657 0.304497
v 0.301043 -0.159657 0.262147
v 0.328619 -0.159657 0.215312
v 0.350572 -0.159657 0.164792
v 0.366526 -0.159657 0.111453
v 0.37621 -0.159657 0.0562076
v 0.379456 -0.159657 -1.58951e-08
v 0.37621 -0.159657 -0.0474642
v 0.366526 -0.159657 -0.0941163
v 0.350572 -0.159657 -0.139158
v 0.328618 -0.159657 -0.181819
v 0.301043 -0.159657 -0.221368
v 0.268316 -0.159657 -0.25713
v 0.230998 -0.159657 -0.288493
v 0.189728 -0.159657 -0.314919
v 0.145211 -0.159657 -0.335957
v 0.0982104 -0.159657 -0.351247
v 0.0495289 -0.159657 -0.360526
v -3.31731e-08 -0.159657 -0.363637
v -0.049529 -0.159657 -0.360526
v -0.0982105 -0.159657 -0.351247
v -0.145212 -0.159657 -0.335957
v -0.189728 -0.159657 -0.314919
v -0.230998 -0.159657 -0.288493
v -0.268316 -0.159657 -0.25713
v -0.301043 -0.159657 -0.221368
v -0.328619 -0.159657 -0.181819
v -0.350572 -0.159657 -0.139158
v -0.366526 -0.159657 -0.0941162
v -0.37621 -0.159657 -0.0474641
v -0.379456 -0.159657 5.13513e-09
v -0.37621 -0.159657 0.0562077
v -0.366526 -0.159657 0.111454
v -0.350572 -0.159657 0.164792
v -0.328619 -0.159657 0.215312
v -0.301043 -0.159657 0.262147
v -0.268316 -0.159657 0.304497
v -0.230998 -0.159657 0.341636
v -0.189728 -0.159657 0.372931
v -0.145212 -0.159657 0.397844
v -0.0982103 -0.159657 0.41595
v -0.0495288 -0.159657 0.426939
v 6.63462e-08 -0.159657 0.430623
v 0 -0.210476 0.415746
v 0.0469169 -0.210476 0.412189
v 0.0930311 -0.210476 0.40158
v 0.137553 -0.210476 0.384099
v 0.179722 -0.210476 0.360046
v 0.218816 -0.210476 0.329833
v 0.254166 -0.210476 0.293977
v 0.285167 -0.210476 0.25309
v 0.311288 -0.210476 0.207873
v 0.332083 -0.210476 0.159099
v 0.347197 -0.210476 0.107603
v 0.356369 -0.210476 0.0542657
v 0.359445 -0.210476 -1.53459e-08
v 0.356369 -0.210476 -0.0458244
v 0.347197 -0.210476 -0.0908647
v 0.332083 -0.210476 -0.13435
v 0.311288 -0.210476 -0.175537
v 0.285167 -0.210476 -0.21372
v 0.254166 -0.210476 -0.248247
v 0.218816 -0.210476 -0.278526
v 0.179722 -0.210476 -0.304039
v 0.137553 -0.210476 -0.32435
v 0.0930311 -0.210476 -0.339112
v 0.0469169 -0.210476 -0.348071
v -3.14236e-08 -0.210476 -0.351074
v -0.046917 -0.210476 -0.348071
v -0.0930312 -0.210476 -0.339112
v -0.137553 -0.210476 -0.32435
v -0.179722 -0.210476 -0.304039
v -0.218816 -0.210476 -0.278526
v -0.254166 -0.210476 -0.248247
v -0.285167 -0.210476 -0.21372
v -0.311288 -0.210476 -0.175537
v -0.332084 -0.210476 -0.13435
v -0.347197 -0.210476 -0.0908647
v -0.356369 -0.210476 -0.0458243
v -0.359445 -0.210476 4.95772e-09
v -0.356369 -0.210476 0.0542658
v -0.347197 -0.210476 0.107603
v -0.332083 -0.210476 0.159099
v -0.311288 -0.210476 0.207873
v -0.285167 -0.210476 0.25309
v -0.254166 -0.210476 0.293977
v -0.218816 -0.210476 0.329833
v -0.179722 -0.210476 0.360046
v -0.137553 -0.210476 0.384099
v -0.093031 -0.210476 0.40158
v -0.0469168 -0.210476 0.412189
v 6.28473e-08 -0.210476 0.415746
v 0 -0.259268 0.396865
v 0.0439605 -0.259268 0.393469
v 0.0871689 -0.259268 0.383342
v 0.128886 -0.259268 0.366655
v 0.168397 -0.259268 0.343695
v 0.205028 -0.259268 0.314854
v 0.23815 -0.259268 0.280626
v 0.267197 -0.259268 0.241596
v 0.291673 -0.259268 0.198432
v 0.311158 -0.259268 0.151873
v 0.325319 -0.259268 0.102716
v 0.333913 -0.259268 0.0518012
v 0.336795 -0.259268 -1.4649e-08
v 0.333913 -0.259268 -0.0437433
v 0.325319 -0.259268 -0.086738
v 0.311158 -0.259268 -0.128249
v 0.291673 -0.259268 -0.167565
v 0.267197 -0.259268 -0.204014
v 0.23815 -0.259268 -0.236973
v 0.205028 -0.259268 -0.265877
v 0.168397 -0.259268 -0.290231
v 0.128886 -0.259268 -0.30962
v 0.0871689 -0.259268 -0.323711
v 0.0439605 -0.259268 -0.332263
v -2.94435e-08 -0.259268 -0.33513
v -0.0439606 -0.259268 -0.332263
v -0.087169 -0.259268 -0.323711
v -0.128886 -0.259268 -0.30962
v -0.168397 -0.259268 -0.290231
v -0.205028 -0.259268 -0.265877
v -0.23815 -0.259268 -0.236973
v -0.267197 -0.259268 -0.204014
v -0.291673 -0.259268 -0.167565
v -0.311158 -0.259268 -0.128249
v -0.325319 -0.259268 -0.086738
v -0.333913 -0.259268 -0.0437432
v -0.336795 -0.259268 4.73256e-09
v -0.333913 -0.259268 0.0518013
v -0.325319 -0.259268 0.102716
v -0.311158 -0.259268 0.151874
v -0.291673 -0.259268 0.198432
v -0.267197 -0.259268 0.241596
v -0.23815 -0.259268 0.280626
v -0.205028 -0.259268 0.314854
v -0.168397 -0.259268 0.343695
v -0.128886 -0.259268 0.366655
v -0.0871688 -0.259268 0.383342
v -0.0439604 -0.259268 0.393469
v 5.88871e-08 -0.259268 0.396865
v 0 -0.305564 0.374161
v 0.0407071 -0.305564 0.37096
v 0.0807177 -0.305564 0.361412
v 0.119347 -0.305564 0.34568
v 0.155935 -0.305564 0.324033
v 0.189854 -0.305564 0.296842
v 0.220525 -0.305564 0.264572
v 0.247423 -0.305564 0.227775
v 0.270087 -0.305564 0.187081
v 0.28813 -0.305564 0.143185
v 0.301243 -0.305564 0.0968401
v 0.309201 -0.305564 0.0488378
v 0.311869 -0.305564 -1.3811e-08
v 0.309201 -0.305564 -0.0412409
v 0.301243 -0.305564 -0.0817761
v 0.28813 -0.305564 -0.120912
v 0.270087 -0.305564 -0.157979
v 0.247423 -0.305564 -0.192343
v 0.220525 -0.305564 -0.223416
v 0.189854 -0.305564 -0.250667
v 0.155935 -0.305564 -0.273628
v 0.119347 -0.305564 -0.291908
v 0.0807177 -0.305564 -0.305192
v 0.0407071 -0.305564 -0.313255
v -2.72645e-08 -0.305564 -0.315958
v -0.0407071 -0.305564 -0.313255
v -0.0807178 -0.305564 -0.305192
v -0.119347 -0.305564 -0.291908
v -0.155935 -0.305564 -0.273628
v -0.189854 -0.305564 -0.250667
v -0.220525 -0.305564 -0.223416
v -0.247423 -0.305564 -0.192343
v -0.270087 -0.305564 -0.157979
v -0.28813 -0.305564 -0.120912
v -0.301243 -0.305564 -0.081776
v -0.309201 -0.305564 -0.0412408
v -0.311869 -0.305564 4.46183e-09
v -0.309201 -0.305564 0.0488379
v -0.301243 -0.305564 0.0968402
v -0.28813 -0.305564 0.143185
v -0.270087 -0.305564 0.187081
v -0.247423 -0.305564 0.227775
v -0.220525 -0.305564 0.264572
v -0.189854 -0.305564 0.296842
v -0.155935 -0.305564 0.324033
v -0.119347 -0.305564 0.34568
v -0.0807177 -0.305564 0.361412
v -0.040707 -0.305564 0.37096
v 5.4529e-08 -0.305564 0.374161
v 0 -0.348916 0.347855
v 0.0372021 -0.348916 0.344879
v 0.0737676 -0.348916 0.336002
v 0.109071 -0.348916 0.321376
v 0.142508 -0.348916 0.301251
v 0.173507 -0.348916 0.275972
v 0.201537 -0.348916 0.24597
v 0.226119 -0.348916 0.211761
v 0.246831 -0.348916 0.173927
v 0.263321 -0.348916 0.133118
v 0.275304 -0.348916 0.0900314
v 0.282578 -0.348916 0.0454041
v 0.285016 -0.348916 -1.284e-08
v 0.282578 -0.348916 -0.0383413
v 0.275304 -0.348916 -0.0760265
v 0.263321 -0.348916 -0.112411
v 0.246831 -0.348916 -0.146872
v 0.226119 -0.348916 -0.17882
v 0.201537 -0.348916 -0.207708
v 0.173507 -0.348916 -0.233043
v 0.142508 -0.348916 -0.25439
v 0.109071 -0.348916 -0.271384
v 0.0737676 -0.348916 -0.283735
v 0.037202 -0.348916 -0.291231
v -2.49169e-08 -0.348916 -0.293744
v -0.0372021 -0.348916 -0.291231
v -0.0737677 -0.348916 -0.283735
v -0.109071 -0.348916 -0.271384
v -0.142508 -0.348916 -0.25439
v -0.173507 -0.348916 -0.233043
v -0.201537 -0.348916 -0.207708
v -0.226119 -0.348916 -0.17882
v -0.246831 -0.348916 -0.146872
v -0.263321 -0.348916 -0.112411
v -0.275304 -0.348916 -0.0760265
v -0.282578 -0.348916 -0.0383412
v -0.285016 -0.348916 4.14813e-09
v -0.282578 -0.348916 0.0454042
v -0.275304 -0.348916 0.0900316
v -0.263321 -0.348916 0.133118
v -0.246831 -0.348916 0.173927
v -0.226119 -0.348916 0.211761
v -0.201537 -0.348916 0.245971
v -0.173507 -0.348916 0.275972
v -0.142508 -0.348916 0.301251
v -0.109071 -0.348916 0.321376
v -0.0737676 -0.348916 0.336002
v -0.0372019 -0.348916 0.344879
v 4.98338e-08 -0.348916 0.347855
v 0 -0.388909 0.318198
v 0.0334878 -0.388909 0.315476
v 0.0664026 -0.388909 0.307356
v 0.0981812 -0.388909 0.293977
v 0.12828 -0.388909 0.275568
v 0.156184 -0.388909 0.252443
v 0.181415 -0.388909 0.225
v 0.203543 -0.388909 0.193707
v 0.222187 -0.388909 0.159099
v 0.23703 -0.388909 0.121769
v 0.247818 -0.388909 0.0823557
v 0.254365 -0.388909 0.0415332
v 0.25656 -0.388909 -1.17453e-08
v 0.254365 -0.388909 -0.0350725
v 0.247818 -0.388909 -0.0695448
v 0.23703 -0.388909 -0.102827
v 0.222187 -0.388909 -0.13435
v 0.203543 -0.388909 -0.163575
v 0.181415 -0.388909 -0.19
v 0.156184 -0.388909 -0.213175
v 0.12828 -0.388909 -0.232702
v 0.0981812 -0.388909 -0.248247
v 0.0664025 -0.388909 -0.259545
v 0.0334878 -0.388909 -0.266402
v -2.24292e-08 -0.388909 -0.268701
v -0.0334878 -0.388909 -0.266402
v -0.0664026 -0.388909 -0.259545
v -0.0981812 -0.388909 -0.248247
v -0.12828 -0.388909 -0.232702
v -0.156184 -0.388909 -0.213174
v -0.181415 -0.388909 -0.19
v -0.203543 -0.388909 -0.163575
v -0.222187 -0.388909 -0.13435
v -0.23703 -0.388909 -0.102827
v -0.247818 -0.388909 -0.0695448
v -0.254365 -0.388909 -0.0350724
v -0.25656 -0.388909 3.79447e-09
v -0.254365 -0.388909 0.0415332
v -0.247818 -0.388909 0.0823558
v -0.23703 -0.388909 0.121769
v -0.222187 -0.388909 0.159099
v -0.203543 -0.388909 0.193707
v -0.181415 -0.388909 0.225
v -0.156184 -0.388909 0.252443
v -0.12828 -0.388909 0.275568
v -0.0981812 -0.388909 0.293977
v -0.0664025 -0.388909 0.307356
v -0.0334877 -0.388909 0.315476
v 4.48583e-08 -0.388909 0.318198
v 0 -0.425156 0.285477
v 0.0296029 -0.425156 0.283035
v 0.0586994 -0.425156 0.27575
v 0.0867914 -0.425156 0.263746
v 0.113398 -0.425156 0.24723
v 0.138065 -0.425156 0.226484
v 0.16037 -0.425156 0.201863
v 0.17993 -0.425156 0.173787
v 0.196412 -0.425156 0.142738
v 0.209533 -0.425156 0.109247
v 0.219069 -0.425156 0.0738869
v 0.224857 -0.425156 0.0372622
v 0.226797 -0.425156 -1.05375e-08
v 0.224857 -0.425156 -0.0314659
v 0.219069 -0.425156 -0.0623934
v 0.209533 -0.425156 -0.0922533
v 0.196412 -0.425156 -0.120535
v 0.17993 -0.425156 -0.146754
v 0.16037 -0.425156 -0.170462
v 0.138065 -0.425156 -0.191253
v 0.113398 -0.425156 -0.208772
v 0.0867914 -0.425156 -0.222719
v 0.0586993 -0.425156 -0.232855
v 0.0296029 -0.425156 -0.239007
v -1.98272e-08 -0.425156 -0.241069
v -0.029603 -0.425156 -0.239007
v -0.0586994 -0.425156 -0.232855
v -0.0867914 -0.425156 -0.222719
v -0.113398 -0.425156 -0.208772
v -0.138065 -0.425156 -0.191253
v -0.16037 -0.425156 -0.170462
v -0.17993 -0.425156 -0.146754
v -0.196412 -0.425156 -0.120535
v -0.209533 -0.425156 -0.0922532
v -0.219069 -0.425156 -0.0623933
v -0.224857 -0.425156 -0.0314658
v -0.226797 -0.425156 3.40428e-09
v -0.224857 -0.425156 0.0372623
v -0.219069 -0.425156 0.073887
v -0.209533 -0.425156 0.109247
v -0.196412 -0.425156 0.142738
v -0.17993 -0.425156 0.173787
v -0.16037 -0.425156 0.201863
v -0.138065 -0.425156 0.226484
v -0.113398 -0.425156 0.24723
v -0.0867914 -0.425156 0.263746
v -0.0586993 -0.425156 0.27575
v -0.0296028 -0.425156 0.283035
v 3.96544e-08 -0.425156 0.285477
v 0 -0.457308 0.250007
v 0.025582 -0.457308 0.247868
v 0.0507264 -0.457308 0.241488
v 0.0750028 -0.457308 0.230976
v 0.0979958 -0.457308 0.216512
v 0.119312 -0.457308 0.198344
v 0.138587 -0.457308 0.176781
v 0.155491 -0.457308 0.152194
v 0.169734 -0.457308 0.125003
v 0.181073 -0.457308 0.0956734
v 0.189313 -0.457308 0.0647065
v 0.194315 -0.457308 0.0326324
v 0.195992 -0.457308 -9.2282e-09
v 0.194315 -0.457308 -0.0275563
v 0.189313 -0.457308 -0.054641
v 0.181073 -0.457308 -0.0807909
v 0.169734 -0.457308 -0.105558
v 0.155491 -0.457308 -0.12852
v 0.138587 -0.457308 -0.149282
v 0.119312 -0.457308 -0.16749
v 0.0979958 -0.457308 -0.182832
v 0.0750027 -0.457308 -0.195046
v 0.0507263 -0.457308 -0.203923
v 0.025582 -0.457308 -0.209311
v -1.71341e-08 -0.457308 -0.211117
v -0.0255821 -0.457308 -0.209311
v -0.0507264 -0.457308 -0.203923
v -0.0750028 -0.457308 -0.195046
v -0.0979958 -0.457308 -0.182832
v -0.119312 -0.457308 -0.16749
v -0.138587 -0.457308 -0.149282
v -0.155491 -0.457308 -0.12852
v -0.169734 -0.457308 -0.105558
v -0.181073 -0.457308 -0.0807908
v -0.189313 -0.457308 -0.054641
v -0.194315 -0.457308 -0.0275562
v -0.195992 -0.457308 2.9813e-09
v -0.194315 -0.457308 0.0326325
v -0.189313 -0.457308 0.0647066
v -0.181073 -0.457308 0.0956734
v -0.169734 -0.457308 0.125003
v -0.155491 -0.457308 0.152194
v -0.138587 -0.457308 0.176781
v -0.119312 -0.457308 0.198344
v -0.0979958 -0.457308 0.216512
v -0.0750028 -0.457308 0.230976
v -0.0507263 -0.457308 0.241488
v -0.025582 -0.457308 0.247868
v 3.42683e-08 -0.457308 0.250007
v 0 -0.485057 0.212128
v 0.0214552 -0.485057 0.210314
v 0.0425432 -0.485057 0.2049
v 0.0629034 -0.485057 0.195981
v 0.0821872 -0.485057 0.183709
v 0.100065 -0.485057 0.168293
v 0.11623 -0.485057 0.149997
v 0.130407 -0.485057 0.129136
v 0.142352 -0.485057 0.106064
v 0.151862 -0.485057 0.0811781
v 0.158773 -0.485057 0.0549029
v 0.162968 -0.485057 0.0276883
v 0.164374 -0.485057 -7.83005e-09
v 0.162968 -0.485057 -0.0233813
v 0.158773 -0.485057 -0.0463624
v 0.151862 -0.485057 -0.0685504
v 0.142352 -0.485057 -0.0895654
v 0.130407 -0.485057 -0.109048
v 0.11623 -0.485057 -0.126665
v 0.100065 -0.485057 -0.142114
v 0.0821872 -0.485057 -0.155132
v 0.0629033 -0.485057 -0.165495
v 0.0425432 -0.485057 -0.173027
v 0.0214551 -0.485057 -0.177598
v -1.43701e-08 -0.485057 -0.179131
v -0.0214552 -0.485057 -0.177598
v -0.0425433 -0.485057 -0.173027
v -0.0629034 -0.485057 -0.165495
v -0.0821872 -0.485057 -0.155132
v -0.100065 -0.485057 -0.142114
v -0.11623 -0.485057 -0.126665
v -0.130407 -0.485057 -0.109048
v -0.142352 -0.485057 -0.0895653
v -0.151862 -0.485057 -0.0685503
v -0.158773 -0.485057 -0.0463624
v -0.162968 -0.485057 -0.0233812
v -0.164374 -0.485057 2.52961e-09
v -0.162968 -0.485057 0.0276884
v -0.158773 -0.485057 0.054903
v -0.151862 -0.485057 0.0811781
v -0.142352 -0.485057 0.106064
v -0.130407 -0.485057 0.129136
v -0.11623 -0.485057 0.149998
v -0.100065 -0.485057 0.168293
v -0.0821872 -0.485057 0.183709
v -0.0629034 -0.485057 0.195981
v -0.0425432 -0.485057 0.2049
v -0.0214551 -0.485057 0.210314
v 2.87401e-08 -0.485057 0.212128
v 0 -0.508134 0.172207
v 0.017248 -0.508134 0.170734
v 0.0342009 -0.508134 0.16634
v 0.0505686 -0.508134 0.159099
v 0.0660711 -0.508134 0.149136
v 0.0804431 -0.508134 0.136621
v 0.0934386 -0.508134 0.121769
v 0.104835 -0.508134 0.104833
v 0.114438 -0.508134 0.0861037
v 0.122083 -0.508134 0.0659009
v 0.12764 -0.508134 0.0445706
v 0.131012 -0.508134 0.0224776
v 0.132142 -0.508134 -6.35649e-09
v 0.131012 -0.508134 -0.0189811
v 0.12764 -0.508134 -0.0376374
v 0.122083 -0.508134 -0.0556497
v 0.114438 -0.508134 -0.0727098
v 0.104835 -0.508134 -0.0885259
v 0.0934386 -0.508134 -0.102827
v 0.080443 -0.508134 -0.115369
v 0.0660711 -0.508134 -0.125937
v 0.0505686 -0.508134 -0.13435
v 0.0342009 -0.508134 -0.140465
v 0.017248 -0.508134 -0.144176
v -1.15522e-08 -0.508134 -0.14542
v -0.017248 -0.508134 -0.144176
v -0.0342009 -0.508134 -0.140465
v -0.0505686 -0.508134 -0.13435
v -0.0660711 -0.508134 -0.125937
v -0.0804431 -0.508134 -0.115369
v -0.0934387 -0.508134 -0.102827
v -0.104835 -0.508134 -0.0885259
v -0.114438 -0.508134 -0.0727098
v -0.122083 -0.508134 -0.0556496
v -0.12764 -0.508134 -0.0376374
v -0.131012 -0.508134 -0.018981
v -0.132142 -0.508134 2.05355e-09
v -0.131012 -0.508134 0.0224776
v -0.12764 -0.508134 0.0445706
v -0.122083 -0.508134 0.065901
v -0.114438 -0.508134 0.0861037
v -0.104835 -0.508134 0.104833
v -0.0934386 -0.508134 0.121769
v -0.0804431 -0.508134 0.136621
v -0.0660711 -0.508134 0.149136
v -0.0505686 -0.508134 0.159099
v -0.0342009 -0.508134 0.16634
v -0.017248 -0.508134 0.170734
v 2.31045e-08 -0.508134 0.172207
v 0 -0.526317 0.130628
v 0.0129822 -0.526317 0.129511
v 0.0257423 -0.526317 0.126177
v 0.0380619 -0.526317 0.120685
v 0.0497303 -0.526317 0.113127
v 0.0605478 -0.526317 0.103634
v 0.0703293 -0.526317 0.092368
v 0.0789074 -0.526317 0.0795214
v 0.0861355 -0.526317 0.0653141
v 0.0918897 -0.526317 0.0499892
v 0.0960716 -0.526317 0.0338091
v 0.0986098 -0.526317 0.0170504
v 0.0994606 -0.526317 -4.82172e-09
v 0.0986098 -0.526317 -0.0143981
v 0.0960716 -0.526317 -0.0285499
v 0.0918897 -0.526317 -0.0422131
v 0.0861355 -0.526317 -0.0551541
v 0.0789074 -0.526317 -0.0671514
v 0.0703293 -0.526317 -0.0779997
v 0.0605478 -0.526317 -0.0875134
v 0.0497303 -0.526317 -0.0955297
v 0.0380619 -0.526317 -0.101911
v 0.0257423 -0.526317 -0.10655
v 0.0129822 -0.526317 -0.109364
v -8.69513e-09 -0.526317 -0.110308
v -0.0129822 -0.526317 -0.109364
v -0.0257423 -0.526317 -0.10655
v -0.0380619 -0.526317 -0.101911
v -0.0497303 -0.526317 -0.0955297
v -0.0605478 -0.526317 -0.0875134
v -0.0703293 -0.526317 -0.0779997
v -0.0789074 -0.526317 -0.0671514
v -0.0861355 -0.526317 -0.0551541
v -0.0918897 -0.526317 -0.0422131
v -0.0960716 -0.526317 -0.0285499
v -0.0986098 -0.526317 -0.0143981
v -0.0994606 -0.526317 1.55772e-09
v -0.0986098 -0.526317 0.0170504
v -0.0960716 -0.526317 0.0338091
v -0.0918896 -0.526317 0.0499892
v -0.0861355 -0.526317 0.065314
v -0.0789074 -0.526317 0.0795214
v -0.0703293 -0.526317 0.0923681
v -0.0605478 -0.526317 0.103634
v -0.0497303 -0.526317 0.113127
v -0.0380619 -0.526317 0.120685
v -0.0257423 -0.526317 0.126177
v -0.0129822 -0.526317 0.129511
v 1.73903e-08 -0.526317 0.130628
v 0 -0.539432 0.0877906
v 0.00867581 -0.539432 0.0870396
v 0.0172032 -0.539432 0.0847992
v 0.0254362 -0.539432 0.081108
v 0.033234 -0.539432 0.0760289
v 0.0404631 -0.539432 0.069649
v 0.0469999 -0.539432 0.0620774
v 0.0527326 -0.539432 0.0534436
v 0.0575629 -0.539432 0.0438953
v 0.0614084 -0.539432 0.033596
v 0.0642031 -0.539432 0.0227219
v 0.0658993 -0.539432 0.011459
v 0.0664679 -0.539432 -3.24051e-09
v 0.0658993 -0.539432 -0.00967648
v 0.0642031 -0.539432 -0.0191874
v 0.0614084 -0.539432 -0.02837
v 0.0575629 -0.539432 -0.0370672
v 0.0527326 -0.539432 -0.0451301
v 0.0469999 -0.539432 -0.0524209
v 0.0404631 -0.539432 -0.0588147
v 0.033234 -0.539432 -0.0642022
v 0.0254362 -0.539432 -0.0684912
v 0.0172032 -0.539432 -0.0716083
v 0.0086758 -0.539432 -0.0735001
v -5.81081e-09 -0.539432 -0.0741343
v -0.00867581 -0.539432 -0.0735001
v -0.0172032 -0.539432 -0.0716082
v -0.0254362 -0.539432 -0.0684912
v -0.033234 -0.539432 -0.0642022
v -0.0404631 -0.539432 -0.0588147
v -0.0469999 -0.539432 -0.0524209
v -0.0527326 -0.539432 -0.0451301
v -0.0575629 -0.539432 -0.0370672
v -0.0614084 -0.539432 -0.02837
v -0.0642031 -0.539432 -0.0191874
v -0.0658993 -0.539432 -0.00967645
v -0.0664679 -0.539432 1.04689e-09
v -0.0658993 -0.539432 0.011459
v -0.0642031 -0.539432 0.0227219
v -0.0614084 -0.539432 0.033596
v -0.0575629 -0.539432 0.0438953
v -0.0527326 -0.539432 0.0534436
v -0.0469999 -0.539432 0.0620774
v -0.0404631 -0.539432 0.069649
v -0.033234 -0.539432 0.0760289
v -0.0254362 -0.539432 0.081108
v -0.0172032 -0.539432 0.0847993
v -0.00867578 -0.539432 0.0870396
v 1.16216e-08 -0.539432 0.0877906
v 0 -0.547352 0.0441077
v 0.004344 -0.547352 0.0437303
v 0.00861367 -0.547352 0.0426048
v 0.012736 -0.547352 0.0407502
v 0.0166403 -0.547352 0.0381984
v 0.02026 -0.547352 0.034993
v 0.023533 -0.547352 0.0311888
v 0.0264033 -0.547352 0.0268511
v 0.0288219 -0.547352 0.0220538
v 0.0307473 -0.547352 0.0168793
v 0.0321466 -0.547352 0.0114159
v 0.0329959 -0.547352 0.00575721
v 0.0332807 -0.547352 -1.6281e-09
v 0.0329959 -0.547352 -0.00486165
v 0.0321466 -0.547352 -0.0096401
v 0.0307473 -0.547352 -0.0142536
v 0.0288219 -0.547352 -0.0186233
v 0.0264033 -0.547352 -0.0226742
v 0.023533 -0.547352 -0.0263372
v 0.02026 -0.547352 -0.0295496
v 0.0166403 -0.547352 -0.0322564
v 0.012736 -0.547352 -0.0344113
v 0.00861366 -0.547352 -0.0359774
v 0.00434399 -0.547352 -0.0369278
v -2.90949e-09 -0.547352 -0.0372465
v -0.004344 -0.547352 -0.0369278
v -0.00861368 -0.547352 -0.0359774
v -0.012736 -0.547352 -0.0344113
v -0.0166403 -0.547352 -0.0322564
v -0.02026 -0.547352 -0.0295496
v -0.023533 -0.547352 -0.0263372
v -0.0264033 -0.547352 -0.0226742
v -0.0288219 -0.547352 -0.0186232
v -0.0307473 -0.547352 -0.0142536
v -0.0321466 -0.547352 -0.0096401
v -0.0329959 -0.547352 -0.00486163
v -0.0332807 -0.547352 5.25979e-10
v -0.0329959 -0.547352 0.00575722
v -0.0321466 -0.547352 0.0114159
v -0.0307473 -0.547352 0.0168793
v -0.0288219 -0.547352 0.0220538
v -0.0264033 -0.547352 0.0268511
v -0.023533 -0.547352 0.0311889
v -0.02026 -0.547352 0.034993
v -0.0166403 -0.547352 0.0381984
v -0.012736 -0.547352 0.0407502
v -0.00861366 -0.547352 0.0426048
v -0.00434398 -0.547352 0.0437303
v 5.81898e-09 -0.547352 0.0441077
v -0 -0.55 -3.32207e-08
v -3.87003e-09 -0.55 -3.29364e-08
v -7.67384e-09 -0.55 -3.20887e-08
v -1.13463e-08 -0.55 -3.06919e-08
v -1.48247e-08 -0.55 -2.87699e-08
v -1.80494e-08 -0.55 -2.63557e-08
v -2.09653e-08 -0.55 -2.34905e-08
v -2.35225e-08 -0.55 -2.02235e-08
v -2.56772e-08 -0.55 -1.66103e-08
v -2.73925e-08 -0.55 -1.2713e-08
v -2.86392e-08 -0.55 -8.59814e-09
v -2.93958e-08 -0.55 -4.33616e-09
v -2.96494e-08 -0.55 1.71962e-15
v -2.93958e-08 -0.55 5.13494e-09
v -2.86392e-08 -0.55 1.0182e-08
v -2.73925e-08 -0.55 1.50549e-08
v -2.56772e-08 -0.55 1.96701e-08
v -2.35225e-08 -0.55 2.39488e-08
v -2.09653e-08 -0.55 2.78178e-08
v -1.80494e-08 -0.55 3.12107e-08
v -1.48247e-08 -0.55 3.40697e-08
v -1.13463e-08 -0.55 3.63457e-08
v -7.67383e-09 -0.55 3.79998e-08
v -3.87002e-09 -0.55 3.90037e-08
v 2.59204e-15 -0.55 3.93403e-08
v 3.87003e-09 -0.55 3.90037e-08
v 7.67385e-09 -0.55 3.79998e-08
v 1.13463e-08 -0.55 3.63457e-08
v 1.48247e-08 -0.55 3.40697e-08
v 1.80494e-08 -0.55 3.12107e-08
v 2.09653e-08 -0.55 2.78177e-08
v 2.35225e-08 -0.55 2.39488e-08
v 2.56772e-08 -0.55 1.96701e-08
v 2.73925e-08 -0.55 1.50548e-08
v 2.86392e-08 -0.55 1.0182e-08
v 2.93958e-08 -0.55 5.13492e-09
v 2.96494e-08 -0.55 -3.96152e-16
v 2.93958e-08 -0.55 -4.33617e-09
v 2.86391e-08 -0.55 -8.59815e-09
v 2.73925e-08 -0.55 -1.2713e-08
v 2.56772e-08 -0.55 -1.66103e-08
v 2.35225e-08 -0.55 -2.02235e-08
v 2.09653e-08 -0.55 -2.34906e-08
v 1.80494e-08 -0.55 -2.63557e-08
v 1.48247e-08 -0.55 -2.87699e-08
v 1.13463e-08 -0.55 -3.06919e-08
v 7.67383e-09 -0.55 -3.20887e-08
v 3.87001e-09 -0.55 -3.29364e-08
v -5.18407e-15 -0.55 -3.32207e-08
vt 0 1
vt 0.0208333 1
vt 0.0416667 1
vt 0.0625 1
vt 0.0833333 1
vt 0.104167 1
vt 0.125 1
vt 0.145833 1
vt 0.166667 1
vt 0.1875 1
vt 0.208333 1
vt 0.229167 1
vt 0.25 1
vt 0.270833 1
vt 0.291667 1
vt 0.3125 1
vt 0.333333 1
vt 0.354167 1
vt 0.375 1
vt 0.395833 1
vt 0.416667 1
vt 0.4375 1
vt 0.458333 1
vt 0.479167 1
vt 0.5 1
vt 0.520833 1
vt 0.541667 1
vt 0.5625 1
vt 0.583333 1
vt 0.604167 1
vt 0.625 1
vt 0.645833 1
vt 0.666667 1
vt 0.6875 1
vt 0.708333 1
vt 0.729167 1
vt 0.75 1
vt 0.770833 1
vt 0.791667 1
vt 0.8125 1
vt 0.833333 1
vt 0.854167 1
vt 0.875 1
vt 0.895833 1
vt 0.916667 1
vt 0.9375 1
vt 0.958333 1
vt 0.979167 1
vt 1 1
vt 0 0.96875
vt 0.0208333 0.96875
vt 0.0416667 0.96875
vt 0.0625 0.96875
vt 0.0833333 0.96875
vt 0.104167 0.96875
vt 0.125 0.96875
vt 0.145833 0.96875
vt 0.166667 0.96875
vt 0.1875 0.96875
vt 0.208333 0.96875
vt 0.229167 0.96875
vt 0.25 0.96875
vt 0.270833 0.96875
vt 0.291667 0.96875
vt 0.3125 0.96875
vt 0.333333 0.96875
vt 0.354167 0.96875
vt 0.375 0.96875
vt 0.395833 0.96875
vt 0.416667 0.96875
vt 0.4375 0.96875
vt 0.458333 0.96875
vt 0.479167 0.96875
vt 0.5 0.96875
vt 0.520833 0.96875
vt 0.541667 0.96875
vt 0.5625 0.96875
vt 0.583333 0.96875
vt 0.604167 0.96875
vt 0.625 0.96875
vt 0.645833 0.96875
vt 0.666667 0.96875
vt 0.6875 0.96875
vt 0.708333 0.96875
vt 0.729167 0.96875
vt 0.75 0.96875
vt 0.770833 0.96875
vt 0.791667 0.96875
vt 0.8125 0.96875
vt 0.833333 0.96875
vt 0.854167 0.96875
vt 0.875 0.96875
vt 0.895833 0.96875
vt 0.916667 0.96875
vt 0.9375 0.96875
vt 0.958333 0.96875
vt 0.979167 0.96875
vt 1 0.96875
vt 0 0.9375
vt 0.0208333 0.9375
vt 0.0416667 0.9375
vt 0.0625 0.9375
vt 0.0833333 0.9375
vt 0.104167 0.9375
vt 0.125 0.9375
vt 0.145833 0.9375
vt 0.166667 0.9375
vt 0.1875 0.9375
vt 0.208333 0.9375
vt 0.229167 0.9375
vt 0.25 0.9375
vt 0.270833 0.9375
vt 0.291667 0.9375
vt 0.3125 0.9375
vt 0.333333 0.9375
vt 0.354167 0.9375
vt 0.375 0.9375
vt 0.395833 0.9375
vt 0.416667 0.9375
vt 0.4375 0.9375
vt 0.458333 0.9375
vt 0.479167 0.9375
vt 0.5 0.9375
vt 0.520833 0.9375
vt 0.541667 0.9375
vt 0.5625 0.9375
vt 0.583333 0.9375
vt 0.604167 0.9375
vt 0.625 0.9375
vt 0.645833 0.9375
vt 0.666667 0.9375
vt 0.6875 0.9375
vt 0.708333 0.9375
vt 0.729167 0.9375
vt 0.75 0.9375
vt 0.770833 0.9375
vt 0.791667 0.9375
vt 0.8125 0.9375
vt 0.833333 0.9375
vt 0.854167 0.9375
vt 0.875 0.9375
vt 0.895833 0.9375
vt 0.916667 0.9375
vt 0.9375 0.9375
vt 0.958333 0.9375
vt 0.979167 0.9375
vt 1 0.9375
vt 0 0.90625
vt 0.0208333 0.90625
vt 0.0416667 0.90625
vt 0.0625 0.90625
vt 0.0833333 0.90625
vt 0.104167 0.90625
vt 0.125 0.90625
vt 0.145833 0.90625
vt 0.166667 0.90625
vt 0.1875 0.90625
vt 0.208333 0.90625
vt 0.229167 0.90625
vt 0.25 0.90625
vt 0.270833 0.90625
vt 0.291667 0.90625
vt 0.3125 0.90625
vt 0.333333 0.90625
vt 0.354167 0.90625
vt 0.375 0.90625
vt 0.395833 0.90625
vt 0.416667 0.90625
vt 0.4375 0.90625
vt 0.458333 0.90625
vt 0.479167 0.90625
vt 0.5 0.90625
vt 0.520833 0.90625
vt 0.541667 0.90625
vt 0.5625 0.90625
vt 0.583333 0.90625
vt 0.604167 0.90625
vt 0.625 0.90625
vt 0.645833 0.90625
vt 0.666667 0.90625
vt 0.6875 0.90625
vt 0.708333 0.90625
vt 0.729167 0.90625
vt 0.75 0.90625
vt 0.770833 0.90625
vt 0.791667 0.90625
vt 0.8125 0.90625
vt 0.833333 0.90625
vt 0.854167 0.90625
vt 0.875 0.90625
vt 0.895833 0.90625
vt 0.916667 0.90625
vt 0.9375 0.90625
vt 0.958333 0.90625
vt 0.979167 0.90625
vt 1 0.90625
vt 0 0.875
vt 0.0208333 0.875
vt 0.0416667 0.875
vt 0.0625 0.875
vt 0.0833333 0.875
vt 0.104167 0.875
vt 0.125 0.875
vt 0.145833 0.875
vt 0.166667 0.875
vt 0.1875 0.875
vt 0.208333 0.875
vt 0.229167 0.875
vt 0.25 0.875
vt 0.270833 0.875
vt 0.291667 0.875
vt 0.3125 0.875
vt 0.333333 0.875
vt 0.354167 0.875
vt 0.375 0.875
vt 0.395833 0.875
vt 0.416667 0.875
vt 0.4375 0.875
vt 0.458333 0.875
vt 0.479167 0.875
vt 0.5 0.875
vt 0.520833 0.875
vt 0.541667 0.875
vt 0.5625 0.875
vt 0.583333 0.875
vt 0.604167 0.875
vt 0.625 0.875
vt 0.645833 0.875
vt 0.666667 0.875
vt 0.6875 0.875
vt 0.708333 0.875
vt 0.729167 0.875
vt 0.75 0.875
vt 0.770833 0.875
vt 0.791667 0.875
vt 0.8125 0.875
vt 0.833333 0.875
vt 0.854167 0.875
vt 0.875 0.875
vt 0.895833 0.875
vt 0.916667 0.875
vt 0.9375 0.875
vt 0.958333 0.875
vt 0.979167 0.875
vt 1 0.875
vt 0 0.84375
vt 0.0208333 0.84375
vt 0.0416667 0.84375
vt 0.0625 0.84375
vt 0.0833333 0.84375
vt 0.104167 0.84375
vt 0.125 0.84375
vt 0.145833 0.84375
vt 0.166667 0.84375
vt 0.1875 0.84375
vt 0.208333 0.84375
vt 0.229167 0.84375
vt 0.25 0.84375
vt 0.270833 0.84375
vt 0.291667 0.84375
vt 0.3125 0.84375
vt 0.333333 0.84375
vt 0.354167 0.84375
vt 0.375 0.84375
vt 0.395833 0.84375
vt 0.416667 0.84375
vt 0.4375 0.84375
vt 0.458333 0.84375
vt 0.479167 0.84375
vt 0.5 0.84375
vt 0.520833 0.84375
vt 0.541667 0.84375
vt 0.5625 0.84375
vt 0.583333 0.84375
vt 0.604167 0.84375
vt 0.625 0.84375
vt 0.645833 0.84375
vt 0.666667 0.84375
vt 0.6875 0.84375
vt 0.708333 0.84375
vt 0.729167 0.84375
vt 0.75 0.84375
vt 0.770833 0.84375
vt 0.791667 0.84375
vt 0.8125 0.84375
vt 0.833333 0.84375
vt 0.854167 0.84375
vt 0.875 0.84375
vt 0.895833 0.84375
vt 0.916667 0.84375
vt 0.9375 0.84375
vt 0.958333 0.84375
vt 0.979167 0.84375
vt 1 0.84375
vt 0 0.8125
vt 0.0208333 0.8125
vt 0.0416667 0.8125
vt 0.0625 0.8125
vt 0.0833333 0.8125
vt 0.104167 0.8125
vt 0.125 0.8125
vt 0.145833 0.8125
vt 0.166667 0.8125
vt 0.1875 0.8125
vt 0.208333 0.8125
vt 0.229167 0.8125
vt 0.25 0.8125
vt 0.270833 0.8125
vt 0.291667 0.8125
vt 0.3125 0.8125
vt 0.333333 0.8125
vt 0.354167 0.8125
vt 0.375 0.8125
vt 0.395833 0.8125
vt 0.416667 0.8125
vt 0.4375 0.8125
vt 0.458333 0.8125
vt 0.479167 0.8125
vt 0.5 0.8125
vt 0.520833 0.8125
vt 0.541667 0.8125
vt 0.5625 0.8125
vt 0.583333 0.8125
vt 0.604167 0.8125
vt 0.625 0.8125
vt 0.645833 0.8125
vt 0.666667 0.8125
vt 0.6875 0.8125
vt 0.708333 0.8125
vt 0.729167 0.8125
vt 0.75 0.8125
vt 0.770833 0.8125
vt 0.791667 0.8125
vt 0.8125 0.8125
vt 0.833333 0.8125
vt 0.854167 0.8125
vt 0.875 0.8125
vt 0.895833 0.8125
vt 0.916667 0.8125
vt 0.9375 0.8125
vt 0.958333 0.8125
vt 0.979167 0.8125
vt 1 0.8125
vt 0 0.78125
vt 0.0208333 0.78125
vt 0.0416667 0.78125
vt 0.0625 0.78125
vt 0.0833333 0.78125
vt 0.104167 0.78125
vt 0.125 0.78125
vt 0.145833 0.78125
vt 0.166667 0.78125
vt 0.1875 0.78125
vt 0.208333 0.78125
vt 0.229167 0.78125
vt 0.25 0.78125
vt 0.270833 0.78125
vt 0.291667 0.78125
vt 0.3125 0.78125
vt 0.333333 0.78125
vt 0.354167 0.78125
vt 0.375 0.78125
vt 0.395833 0.78125
vt 0.416667 0.78125
vt 0.4375 0.78125
vt 0.458333 0.78125
vt 0.479167 0.78125
vt 0.5 0.78125
vt 0.520833 0.78125
vt 0.541667 0.78125
vt 0.5625 0.78125
vt 0.583333 0.78125
vt 0.604167 0.78125
vt 0.625 0.78125
vt 0.645833 0.78125
vt 0.666667 0.78125
vt 0.6875 0.78125
vt 0.708333 0.78125
vt 0.729167 0.78125
vt 0.75 0.78125
vt 0.770833 0.78125
vt 0.791667 0.78125
vt 0.8125 0.78125
vt 0.833333 0.78125
vt 0.854167 0.78125
vt 0.875 0.78125
vt 0.895833 0.78125
vt 0.916667 0.78125
vt 0.9375 0.78125
vt 0.958333 0.78125
vt 0.979167 0.78125
vt 1 0.78125
vt 0 0.75
vt 0.0208333 0.75
vt 0.0416667 0.75
vt 0.0625 0.75
vt 0.0833333 0.75
vt 0.104167 0.75
vt 0.125 0.75
vt 0.145833 0.75
vt 0.166667 0.75
vt 0.1875 0.75
vt 0.208333 0.75
vt 0.229167 0.75
vt 0.25 0.75
vt 0.270833 0.75
vt 0.291667 0.75
vt 0.3125 0.75
vt 0.333333 0.75
vt 0.354167 0.75
vt 0.375 0.75
vt 0.395833 0.75
vt 0.416667 0.75
vt 0.4375 0.75
vt 0.458333 0.75
vt 0.479167 0.75
vt 0.5 0.75
vt 0.520833 0.75
vt 0.541667 0.75
vt 0.5625 0.75
vt 0.583333 0.75
vt 0.604167 0.75
vt 0.625 0.75
vt 0.645833 0.75
vt 0.666667 0.75
vt 0.6875 0.75
vt 0.708333 0.75
vt 0.729167 0.75
vt 0.75 0.75
vt 0.770833 0.75
vt 0.791667 0.75
vt 0.8125 0.75
vt 0.833333 0.75
vt 0.854167 0.75
vt 0.875 0.75
vt 0.895833 0.75
vt 0.916667 0.75
vt 0.9375 0.75
vt 0.958333 0.75
vt 0.979167 0.75
vt 1 0.75
vt 0 0.71875
vt 0.0208333 0.71875
vt 0.0416667 0.71875
vt 0.0625 0.71875
vt 0.0833333 0.71875
vt 0.104167 0.71875
vt 0.125 0.71875
vt 0.145833 0.71875
vt 0.166667 0.71875
vt 0.1875 0.71875
vt 0.208333 0.71875
vt 0.229167 0.71875
vt 0.25 0.71875
vt 0.270833 0.71875
vt 0.291667 0.71875
vt 0.3125 0.71875
vt 0.333333 0.71875
vt 0.354167 0.71875
vt 0.375 0.71875
vt 0.395833 0.71875
vt 0.416667 0.71875
vt 0.4375 0.71875
vt 0.458333 0.71875
vt 0.479167 0.71875
vt 0.5 0.71875
vt 0.520833 0.71875
vt 0.541667 0.71875
vt 0.5625 0.71875
vt 0.583333 0.71875
vt 0.604167 0.71875
vt 0.625 0.71875
vt 0.645833 0.71875
vt 0.666667 0.71875
vt 0.6875 0.71875
vt 0.708333 0.71875
vt 0.729167 0.71875
vt 0.75 0.71875
vt 0.770833 0.71875
vt 0.791667 0.71875
vt 0.8125 0.71875
vt 0.833333 0.71875
vt 0.854167 0.71875
vt 0.875 0.71875
vt 0.895833 0.71875
vt 0.916667 0.71875
vt 0.9375 0.71875
vt 0.958333 0.71875
vt 0.979167 0.71875
vt 1 0.71875
vt 0 0.6875
vt 0.0208333 0.6875
vt 0.0416667 0.6875
vt 0.0625 0.6875
vt 0.0833333 0.6875
vt 0.104167 0.6875
vt 0.125 0.6875
vt 0.145833 0.6875
vt 0.166667 0.6875
vt 0.1875 0.6875
vt 0.208333 0.6875
vt 0.229167 0.6875
vt 0.25 0.6875
vt 0.270833 0.6875
vt 0.291667 0.6875
vt 0.3125 0.6875
vt 0.333333 0.6875
vt 0.354167 0.6875
vt 0.375 0.6875
vt 0.395833 0.6875
vt 0.416667 0.6875
vt 0.4375 0.6875
vt 0.458333 0.6875
vt 0.479167 0.6875
vt 0.5 0.6875
vt 0.520833 0.6875
vt 0.541667 0.6875
vt 0.5625 0.6875
vt 0.583333 0.6875
vt 0.604167 0.6875
vt 0.625 0.6875
vt 0.645833 0.6875
vt 0.666667 0.6875
vt 0.6875 0.6875
vt 0.708333 0.6875
vt 0.729167 0.6875
vt 0.75 0.6875
vt 0.770833 0.6875
vt 0.791667 0.6875
vt 0.8125 0.6875
vt 0.833333 0.6875
vt 0.854167 0.6875
vt 0.875 0.6875
vt 0.895833 0.6875
vt 0.916667 0.6875
vt 0.9375 0.6875
vt 0.958333 0.6875
vt 0.979167 0.6875
vt 1 0.6875
vt 0 0.65625
vt 0.0208333 0.65625
vt 0.0416667 0.65625
vt 0.0625 0.65625
vt 0.0833333 0.65625
vt 0.104167 0.65625
vt 0.125 0.65625
vt 0.145833 0.65625
vt 0.166667 0.65625
vt 0.1875 0.65625
vt 0.208333 0.65625
vt 0.229167 0.65625
vt 0.25 0.65625
vt 0.270833 0.65625
vt 0.291667 0.65625
vt 0.3125 0.65625
vt 0.333333 0.65625
vt 0.354167 0.65625
vt 0.375 0.65625
vt 0.395833 0.65625
vt 0.416667 0.65625
vt 0.4375 0.65625
vt 0.458333 0.65625
vt 0.479167 0.65625
vt 0.5 0.65625
vt 0.520833 0.65625
vt 0.541667 0.65625
vt 0.5625 0.65625
vt 0.583333 0.65625
vt 0.604167 0.65625
vt 0.625 0.65625
vt 0.645833 0.65625
vt 0.666667 0.65625
vt 0.6875 0.65625
vt 0.708333 0.65625
vt 0.729167 0.65625
vt 0.75 0.65625
vt 0.770833 0.65625
vt 0.791667 0.65625
vt 0.8125 0.65625
vt 0.833333 0.65625
vt 0.854167 0.65625
vt 0.875 0.65625
vt 0.895833 0.65625
vt 0.916667 0.65625
vt 0.9375 0.65625
vt 0.958333 0.65625
vt 0.979167 0.65625
vt 1 0.65625
vt 0 0.625
vt 0.0208333 0.625
vt 0.0416667 0.625
vt 0.0625 0.625
vt 0.0833333 0.625
vt 0.104167 0.625
vt 0.125 0.625
vt 0.145833 0.625
vt 0.166667 0.625
vt 0.1875 0.625
vt 0.208333 0.625
vt 0.229167 0.625
vt 0.25 0.625
vt 0.270833 0.625
vt 0.291667 0.625
vt 0.3125 0.625
vt 0.333333 0.625
vt 0.354167 0.625
vt 0.375 0.625
vt 0.395833 0.625
vt 0.416667 0.625
vt 0.4375 0.625
vt 0.458333 0.625
vt 0.479167 0.625
vt 0.5 0.625
vt 0.520833 0.625
vt 0.541667 0.625
vt 0.5625 0.625
vt 0.583333 0.625
vt 0.604167 0.625
vt 0.625 0.625
vt 0.645833 0.625
vt 0.666667 0.625
vt 0.6875 0.625
vt 0.708333 0.625
vt 0.729167 0.625
vt 0.75 0.625
vt 0.770833 0.625
vt 0.791667 0.625
vt 0.8125 0.625
vt 0.833333 0.625
vt 0.854167 0.625
vt 0.875 0.625
vt 0.895833 0.625
vt 0.916667 0.625
vt 0.9375 0.625
vt 0.958333 0.625
vt 0.979167 0.625
vt 1 0.625
vt 0 0.59375
vt 0.0208333 0.59375
vt 0.0416667 0.59375
vt 0.0625 0.59375
vt 0.0833333 0.59375
vt 0.104167 0.59375
vt 0.125 0.59375
vt 0.145833 0.59375
vt 0.166667 0.59375
vt 0.1875 0.59375
vt 0.208333 0.59375
vt 0.229167 0.59375
vt 0.25 0.59375
vt 0.270833 0.59375
vt 0.291667 0.59375
vt 0.3125 0.59375
vt 0.333333 0.59375
vt 0.354167 0.59375
vt 0.375 0.59375
vt 0.395833 0.59375
vt 0.416667 0.59375
vt 0.4375 0.59375
vt 0.458333 0.59375
vt 0.479167 0.59375
vt 0.5 0.59375
vt 0.520833 0.59375
vt 0.541667 0.59375
vt 0.5625 0.59375
vt 0.583333 0.59375
vt 0.604167 0.59375
vt 0.625 0.59375
vt 0.645833 0.59375
vt 0.666667 0.59375
vt 0.6875 0.59375
vt 0.708333 0.59375
vt 0.729167 0.59375
vt 0.75 0.59375
vt 0.770833 0.59375
vt 0.791667 0.59375
vt 0.8125 0.59375
vt 0.833333 0.59375
vt 0.854167 0.59375
vt 0.875 0.59375
vt 0.895833 0.59375
vt 0.916667 0.59375
vt 0.9375 0.59375
vt 0.958333 0.59375
vt 0.979167 0.59375
vt 1 0.59375
vt 0 0.5625
vt 0.0208333 0.5625
vt 0.0416667 0.5625
vt 0.0625 0.5625
vt 0.0833333 0.5625
vt 0.104167 0.5625
vt 0.125 0.5625
vt 0.145833 0.5625
vt 0.166667 0.5625
vt 0.1875 0.5625
vt 0.208333 0.5625
vt 0.229167 0.5625
vt 0.25 0.5625
vt 0.270833 0.5625
vt 0.291667 0.5625
vt 0.3125 0.5625
vt 0.333333 0.5625
vt 0.354167 0.5625
vt 0.375 0.5625
vt 0.395833 0.5625
vt 0.416667 0.5625
vt 0.4375 0.5625
vt 0.458333 0.5625
vt 0.479167 0.5625
vt 0.5 0.5625
vt 0.520833 0.5625
vt 0.541667 0.5625
vt 0.5625 0.5625
vt 0.583333 0.5625
vt 0.604167 0.5625
vt 0.625 0.5625
vt 0.645833 0.5625
vt 0.666667 0.5625
vt 0.6875 0.5625
vt 0.708333 0.5625
vt 0.729167 0.5625
vt 0.75 0.5625
vt 0.770833 0.5625
vt 0.791667 0.5625
vt 0.8125 0.5625
vt 0.833333 0.5625
vt 0.854167 0.5625
vt 0.875 0.5625
vt 0.895833 0.5625
vt 0.916667 0.5625
vt 0.9375 0.5625
vt 0.958333 0.5625
vt 0.979167 0.5625
vt 1 0.5625
vt 0 0.53125
vt 0.0208333 0.53125
vt 0.0416667 0.53125
vt 0.0625 0.53125
vt 0.0833333 0.53125
vt 0.104167 0.53125
vt 0.125 0.53125
vt 0.145833 0.53125
vt 0.166667 0.53125
vt 0.1875 0.53125
vt 0.208333 0.53125
vt 0.229167 0.53125
vt 0.25 0.53125
vt 0.270833 0.53125
vt 0.291667 0.53125
vt 0.3125 0.53125
vt 0.333333 0.53125
vt 0.354167 0.53125
vt 0.375 0.53125
vt 0.395833 0.53125
vt 0.416667 0.53125
vt 0.4375 0.53125
vt 0.458333 0.53125
vt 0.479167 0.53125
vt 0.5 0.53125
vt 0.520833 0.53125
vt 0.541667 0.53125
vt 0.5625 0.53125
vt 0.583333 0.53125
vt 0.604167 0.53125
vt 0.625 0.53125
vt 0.645833 0.53125
vt 0.666667 0.53125
vt 0.6875 0.53125
vt 0.708333 0.53125
vt 0.729167 0.53125
vt 0.75 0.53125
vt 0.770833 0.53125
vt 0.791667 0.53125
vt 0.8125 0.53125
vt 0.833333 0.53125
vt 0.854167 0.53125
vt 0.875 0.53125
vt 0.895833 0.53125
vt 0.916667 0.53125
vt 0.9375 0.53125
vt 0.958333 0.53125
vt 0.979167 0.53125
vt 1 0.53125
vt 0 0.5
vt 0.0208333 0.5
vt 0.0416667 0.5
vt 0.0625 0.5
vt 0.0833333 0.5
vt 0.104167 0.5
vt 0.125 0.5
vt 0.145833 0.5
vt 0.166667 0.5
vt 0.1875 0.5
vt 0.208333 0.5
vt 0.229167 0.5
vt 0.25 0.5
vt 0.270833 0.5
vt 0.291667 0.5
vt 0.3125 0.5
vt 0.333333 0.5
vt 0.354167 0.5
vt 0.375 0.5
vt 0.395833 0.5
vt 0.416667 0.5
vt 0.4375 0.5
vt 0.458333 0.5
vt 0.479167 0.5
vt 0.5 0.5
vt 0.520833 0.5
vt 0.541667 0.5
vt 0.5625 0.5
vt 0.583333 0.5
vt 0.604167 0.5
vt 0.625 0.5
vt 0.645833 0.5
vt 0.666667 0.5
vt 0.6875 0.5
vt 0.708333 0.5
vt 0.729167 0.5
vt 0.75 0.5
vt 0.770833 0.5
vt 0.791667 0.5
vt 0.8125 0.5
vt 0.833333 0.5
vt 0.854167 0.5
vt 0.875 0.5
vt 0.895833 0.5
vt 0.916667 0.5
vt 0.9375 0.5
vt 0.958333 0.5
vt 0.979167 0.5
vt 1 0.5
vt 0 0.46875
vt 0.0208333 0.46875
vt 0.0416667 0.46875
vt 0.0625 0.46875
vt 0.0833333 0.46875
vt 0.104167 0.46875
vt 0.125 0.46875
vt 0.145833 0.46875
vt 0.166667 0.46875
vt 0.1875 0.46875
vt 0.208333 0.46875
vt 0.229167 0.46875
vt 0.25 0.46875
vt 0.270833 0.46875
vt 0.291667 0.46875
vt 0.3125 0.46875
vt 0.333333 0.46875
vt 0.354167 0.46875
vt 0.375 0.46875
vt 0.395833 0.46875
vt 0.416667 0.46875
vt 0.4375 0.46875
vt 0.458333 0.46875
vt 0.479167 0.46875
vt 0.5 0.46875
vt 0.520833 0.46875
vt 0.541667 0.46875
vt 0.5625 0.46875
vt 0.583333 0.46875
vt 0.604167 0.46875
vt 0.625 0.46875
vt 0.645833 0.46875
vt 0.666667 0.46875
vt 0.6875 0.46875
vt 0.708333 0.46875
vt 0.729167 0.46875
vt 0.75 0.46875
vt 0.770833 0.46875
vt 0.791667 0.46875
vt 0.8125 0.46875
vt 0.833333 0.46875
vt 0.854167 0.46875
vt 0.875 0.46875
vt 0.895833 0.46875
vt 0.916667 0.46875
vt 0.9375 0.46875
vt 0.958333 0.46875
vt 0.979167 0.46875
vt 1 0.46875
vt 0 0.4375
vt 0.0208333 0.4375
vt 0.0416667 0.4375
vt 0.0625 0.4375
vt 0.0833333 0.4375
vt 0.104167 0.4375
vt 0.125 0.4375
vt 0.145833 0.4375
vt 0.166667 0.4375
vt 0.1875 0.4375
vt 0.208333 0.4375
vt 0.229167 0.4375
vt 0.25 0.4375
vt 0.270833 0.4375
vt 0.291667 0.4375
vt 0.3125 0.4375
vt 0.333333 0.4375
vt 0.354167 0.4375
vt 0.375 0.4375
vt 0.395833 0.4375
vt 0.416667 0.4375
vt 0.4375 0.4375
vt 0.458333 0.4375
vt 0.479167 0.4375
vt 0.5 0.4375
vt 0.520833 0.4375
vt 0.541667 0.4375
vt 0.5625 0.4375
vt 0.583333 0.4375
vt 0.604167 0.4375
vt 0.625 0.4375
vt 0.645833 0.4375
vt 0.666667 0.4375
vt 0.6875 0.4375
vt 0.708333 0.4375
vt 0.729167 0.4375
vt 0.75 0.4375
vt 0.770833 0.4375
vt 0.791667 0.4375
vt 0.8125 0.4375
vt 0.833333 0.4375
vt 0.854167 0.4375
vt 0.875 0.4375
vt 0.895833 0.4375
vt 0.916667 0.4375
vt 0.9375 0.4375
vt 0.958333 0.4375
vt 0.979167 0.4375
vt 1 0.4375
vt 0 0.40625
vt 0.0208333 0.40625
vt 0.0416667 0.40625
vt 0.0625 0.40625
vt 0.0833333 0.40625
vt 0.104167 0.40625
vt 0.125 0.40625
vt 0.145833 0.40625
vt 0.166667 0.40625
vt 0.1875 0.40625
vt 0.208333 0.40625
vt 0.229167 0.40625
vt 0.25 0.40625
vt 0.270833 0.40625
vt 0.291667 0.40625
vt 0.3125 0.40625
vt 0.333333 0.40625
vt 0.354167 0.40625
vt 0.375 0.40625
vt 0.395833 0.40625
vt 0.416667 0.40625
vt 0.4375 0.40625
vt 0.458333 0.40625
vt 0.479167 0.40625
vt 0.5 0.40625
vt 0.520833 0.40625
vt 0.541667 0.40625
vt 0.5625 0.40625
vt 0.583333 0.40625
vt 0.604167 0.40625
vt 0.625 0.40625
vt 0.645833 0.40625
vt 0.666667 0.40625
vt 0.6875 0.40625
vt 0.708333 0.40625
vt 0.729167 0.40625
vt 0.75 0.40625
vt 0.770833 0.40625
vt 0.791667 0.40625
vt 0.8125 0.40625
vt 0.833333 0.40625
vt 0.854167 0.40625
vt 0.875 0.40625
vt 0.895833 0.40625
vt 0.916667 0.40625
vt 0.9375 0.40625
vt 0.958333 0.40625
vt 0.979167 0.40625
vt 1 0.40625
vt 0 0.375
vt 0.0208333 0.375
vt 0.0416667 0.375
vt 0.0625 0.375
vt 0.0833333 0.375
vt 0.104167 0.375
vt 0.125 0.375
vt 0.145833 0.375
vt 0.166667 0.375
vt 0.1875 0.375
vt 0.208333 0.375
vt 0.229167 0.375
vt 0.25 0.375
vt 0.270833 0.375
vt 0.291667 0.375
vt 0.3125 0.375
vt 0.333333 0.375
vt 0.354167 0.375
vt 0.375 0.375
vt 0.395833 0.375
vt 0.416667 0.375
vt 0.4375 0.375
vt 0.458333 0.375
vt 0.479167 0.375
vt 0.5 0.375
vt 0.520833 0.375
vt 0.541667 0.375
vt 0.5625 0.375
vt 0.583333 0.375
vt 0.604167 0.375
vt 0.625 0.375
vt 0.645833 0.375
vt 0.666667 0.375
vt 0.6875 0.375
vt 0.708333 0.375
vt 0.729167 0.375
vt 0.75 0.375
vt 0.770833 0.375
vt 0.791667 0.375
vt 0.8125 0.375
vt 0.833333 0.375
vt 0.854167 0.375
vt 0.875 0.375
vt 0.895833 0.375
vt 0.916667 0.375
vt 0.9375 0.375
vt 0.958333 0.375
vt 0.979167 0.375
vt 1 0.375
vt 0 0.34375
vt 0.0208333 0.34375
vt 0.0416667 0.34375
vt 0.0625 0.34375
vt 0.0833333 0.34375
vt 0.104167 0.34375
vt 0.125 0.34375
vt 0.145833 0.34375
vt 0.166667 0.34375
vt 0.1875 0.34375
vt 0.208333 0.34375
vt 0.229167 0.34375
vt 0.25 0.34375
vt 0.270833 0.34375
vt 0.291667 0.34375
vt 0.3125 0.34375
vt 0.333333 0.34375
vt 0.354167 0.34375
vt 0.375 0.34375
vt 0.395833 0.34375
vt 0.416667 0.34375
vt 0.4375 0.34375
vt 0.458333 0.34375
vt 0.479167 0.34375
vt 0.5 0.34375
vt 0.520833 0.34375
vt 0.541667 0.34375
vt 0.5625 0.34375
vt 0.583333 0.34375
vt 0.604167 0.34375
vt 0.625 0.34375
vt 0.645833 0.34375
vt 0.666667 0.34375
vt 0.6875 0.34375
vt 0.708333 0.34375
vt 0.729167 0.34375
vt 0.75 0.34375
vt 0.770833 0.34375
vt 0.791667 0.34375
vt 0.8125 0.34375
vt 0.833333 0.34375
vt 0.854167 0.34375
vt 0.875 0.34375
vt 0.895833 0.34375
vt 0.916667 0.34375
vt 0.9375 0.34375
vt 0.958333 0.34375
vt 0.979167 0.34375
vt 1 0.34375
vt 0 0.3125
vt 0.0208333 0.3125
vt 0.0416667 0.3125
vt 0.0625 0.3125
vt 0.0833333 0.3125
vt 0.104167 0.3125
vt 0.125 0.3125
vt 0.145833 0.3125
vt 0.166667 0.3125
vt 0.1875 0.3125
vt 0.208333 0.3125
vt 0.229167 0.3125
vt 0.25 0.3125
vt 0.270833 0.3125
vt 0.291667 0.3125
vt 0.3125 0.3125
vt 0.333333 0.3125
vt 0.354167 0.3125
vt 0.375 0.3125
vt 0.395833 0.3125
vt 0.416667 0.3125
vt 0.4375 0.3125
vt 0.458333 0.3125
vt 0.479167 0.3125
vt 0.5 0.3125
vt 0.520833 0.3125
vt 0.541667 0.3125
vt 0.5625 0.3125
vt 0.583333 0.3125
vt 0.604167 0.3125
vt 0.625 0.3125
vt 0.645833 0.3125
vt 0.666667 0.3125
vt 0.6875 0.3125
vt 0.708333 0.3125
vt 0.729167 0.3125
vt 0.75 0.3125
vt 0.770833 0.3125
vt 0.791667 0.3125
vt 0.8125 0.3125
vt 0.833333 0.3125
vt 0.854167 0.3125
vt 0.875 0.3125
vt 0.895833 0.3125
vt 0.916667 0.3125
vt 0.9375 0.3125
vt 0.958333 0.3125
vt 0.979167 0.3125
vt 1 0.3125
vt 0 0.28125
vt 0.0208333 0.28125
vt 0.0416667 0.28125
vt 0.0625 0.28125
vt 0.0833333 0.28125
vt 0.104167 0.28125
vt 0.125 0.28125
vt 0.145833 0.28125
vt 0.166667 0.28125
vt 0.1875 0.28125
vt 0.208333 0.28125
vt 0.229167 0.28125
vt 0.25 0.28125
vt 0.270833 0.28125
vt 0.291667 0.28125
vt 0.3125 0.28125
vt 0.333333 0.28125
vt 0.354167 0.28125
vt 0.375 0.28125
vt 0.395833 0.28125
vt 0.416667 0.28125
vt 0.4375 0.28125
vt 0.458333 0.28125
vt 0.479167 0.28125
vt 0.5 0.28125
vt 0.520833 0.28125
vt 0.541667 0.28125
vt 0.5625 0.28125
vt 0.583333 0.28125
vt 0.604167 0.28125
vt 0.625 0.28125
vt 0.645833 0.28125
vt 0.666667 0.28125
vt 0.6875 0.28125
vt 0.708333 0.28125
vt 0.729167 0.28125
vt 0.75 0.28125
vt 0.770833 0.28125
vt 0.791667 0.28125
vt 0.8125 0.28125
vt 0.833333 0.28125
vt 0.854167 0.28125
vt 0.875 0.28125
vt 0.895833 0.28125
vt 0.916667 0.28125
vt 0.9375 0.28125
vt 0.958333 0.28125
vt 0.979167 0.28125
vt 1 0.28125
vt 0 0.25
vt 0.0208333 0.25
vt 0.0416667 0.25
vt 0.0625 0.25
vt 0.0833333 0.25
vt 0.104167 0.25
vt 0.125 0.25
vt 0.145833 0.25
vt 0.166667 0.25
vt 0.1875 0.25
vt 0.208333 0.25
vt 0.229167 0.25
vt 0.25 0.25
vt 0.270833 0.25
vt 0.291667 0.25
vt 0.3125 0.25
vt 0.333333 0.25
vt 0.354167 0.25
vt 0.375 0.25
vt 0.395833 0.25
vt 0.416667 0.25
vt 0.4375 0.25
vt 0.458333 0.25
vt 0.479167 0.25
vt 0.5 0.25
vt 0.520833 0.25
vt 0.541667 0.25
vt 0.5625 0.25
vt 0.583333 0.25
vt 0.604167 0.25
vt 0.625 0.25
vt 0.645833 0.25
vt 0.666667 0.25
vt 0.6875 0.25
vt 0.708333 0.25
vt 0.729167 0.25
vt 0.75 0.25
vt 0.770833 0.25
vt 0.791667 0.25
vt 0.8125 0.25
vt 0.833333 0.25
vt 0.854167 0.25
vt 0.875 0.25
vt 0.895833 0.25
vt 0.916667 0.25
vt 0.9375 0.25
vt 0.958333 0.25
vt 0.979167 0.25
vt 1 0.25
vt 0 0.21875
vt 0.0208333 0.21875
vt 0.0416667 0.21875
vt 0.0625 0.21875
vt 0.0833333 0.21875
vt 0.104167 0.21875
vt 0.125 0.21875
vt 0.145833 0.21875
vt 0.166667 0.21875
vt 0.1875 0.21875
vt 0.208333 0.21875
vt 0.229167 0.21875
vt 0.25 0.21875
vt 0.270833 0.21875
vt 0.291667 0.21875
vt 0.3125 0.21875
vt 0.333333 0.21875
vt 0.354167 0.21875
vt 0.375 0.21875
vt 0.395833 0.21875
vt 0.416667 0.21875
vt 0.4375 0.21875
vt 0.458333 0.21875
vt 0.479167 0.21875
vt 0.5 0.21875
vt 0.520833 0.21875
vt 0.541667 0.21875
vt 0.5625 0.21875
vt 0.583333 0.21875
vt 0.604167 0.21875
vt 0.625 0.21875
vt 0.645833 0.21875
vt 0.666667 0.21875
vt 0.6875 0.21875
vt 0.708333 0.21875
vt 0.729167 0.21875
vt 0.75 0.21875
vt 0.770833 0.21875
vt 0.791667 0.21875
vt 0.8125 0.21875
vt 0.833333 0.21875
vt 0.854167 0.21875
vt 0.875 0.21875
vt 0.895833 0.21875
vt 0.916667 0.21875
vt 0.9375 0.21875
vt 0.958333 0.21875
vt 0.979167 0.21875
vt 1 0.21875
vt 0 0.1875
vt 0.0208333 0.1875
vt 0.0416667 0.1875
vt 0.0625 0.1875
vt 0.0833333 0.1875
vt 0.104167 0.1875
vt 0.125 0.1875
vt 0.145833 0.1875
vt 0.166667 0.1875
vt 0.1875 0.1875
vt 0.208333 0.1875
vt 0.229167 0.1875
vt 0.25 0.1875
vt 0.270833 0.1875
vt 0.291667 0.1875
vt 0.3125 0.1875
vt 0.333333 0.1875
vt 0.354167 0.1875
vt 0.375 0.1875
vt 0.395833 0.1875
vt 0.416667 0.1875
vt 0.4375 0.1875
vt 0.458333 0.1875
vt 0.479167 0.1875
vt 0.5 0.1875
vt 0.520833 0.1875
vt 0.541667 0.1875
vt 0.5625 0.1875
vt 0.583333 0.1875
vt 0.604167 0.1875
vt 0.625 0.1875
vt 0.645833 0.1875
vt 0.666667 0.1875
vt 0.6875 0.1875
vt 0.708333 0.1875
vt 0.729167 0.1875
vt 0.75 0.1875
vt 0.770833 0.1875
vt 0.791667 0.1875
vt 0.8125 0.1875
vt 0.833333 0.1875
vt 0.854167 0.1875
vt 0.875 0.1875
vt 0.895833 0.1875
vt 0.916667 0.1875
vt 0.9375 0.1875
vt 0.958333 0.1875
vt 0.979167 0.1875
vt 1 0.1875
vt 0 0.15625
vt 0.0208333 0.15625
vt 0.0416667 0.15625
vt 0.0625 0.15625
vt 0.0833333 0.15625
vt 0.104167 0.15625
vt 0.125 0.15625
vt 0.145833 0.15625
vt 0.166667 0.15625
vt 0.1875 0.15625
vt 0.208333 0.15625
vt 0.229167 0.15625
vt 0.25 0.15625
vt 0.270833 0.15625
vt 0.291667 0.15625
vt 0.3125 0.15625
vt 0.333333 0.15625
vt 0.354167 0.15625
vt 0.375 0.15625
vt 0.395833 0.15625
vt 0.416667 0.15625
vt 0.4375 0.15625
vt 0.458333 0.15625
vt 0.479167 0.15625
vt 0.5 0.15625
vt 0.520833 0.15625
vt 0.541667 0.15625
vt 0.5625 0.15625
vt 0.583333 0.15625
vt 0.604167 0.15625
vt 0.625 0.15625
vt 0.645833 0.15625
vt 0.666667 0.15625
vt 0.6875 0.15625
vt 0.708333 0.15625
vt 0.729167 0.15625
vt 0.75 0.15625
vt 0.770833 0.15625
vt 0.791667 0.15625
vt 0.8125 0.15625
vt 0.833333 0.15625
vt 0.854167 0.15625
vt 0.875 0.15625
vt 0.895833 0.15625
vt 0.916667 0.15625
vt 0.9375 0.15625
vt 0.958333 0.15625
vt 0.979167 0.15625
vt 1 0.15625
vt 0 0.125
vt 0.0208333 0.125
vt 0.0416667 0.125
vt 0.0625 0.125
vt 0.0833333 0.125
vt 0.104167 0.125
vt 0.125 0.125
vt 0.145833 0.125
vt 0.166667 0.125
vt 0.1875 0.125
vt 0.208333 0.125
vt 0.229167 0.125
vt 0.25 0.125
vt 0.270833 0.125
vt 0.291667 0.125
vt 0.3125 0.125
vt 0.333333 0.125
vt 0.354167 0.125
vt 0.375 0.125
vt 0.395833 0.125
vt 0.416667 0.125
vt 0.4375 0.125
vt 0.458333 0.125
vt 0.479167 0.125
vt 0.5 0.125
vt 0.520833 0.125
vt 0.541667 0.125
vt 0.5625 0.125
vt 0.583333 0.125
vt 0.604167 0.125
vt 0.625 0.125
vt 0.645833 0.125
vt 0.666667 0.125
vt 0.6875 0.125
vt 0.708333 0.125
vt 0.729167 0.125
vt 0.75 0.125
vt 0.770833 0.125
vt 0.791667 0.125
vt 0.8125 0.125
vt 0.833333 0.125
vt 0.854167 0.125
vt 0.875 0.125
vt 0.895833 0.125
vt 0.916667 0.125
vt 0.9375 0.125
vt 0.958333 0.125
vt 0.979167 0.125
vt 1 0.125
vt 0 0.09375
vt 0.0208333 0.09375
vt 0.0416667 0.09375
vt 0.0625 0.09375
vt 0.0833333 0.09375
vt 0.104167 0.09375
vt 0.125 0.09375
vt 0.145833 0.09375
vt 0.166667 0.09375
vt 0.1875 0.09375
vt 0.208333 0.09375
vt 0.229167 0.09375
vt 0.25 0.09375
vt 0.270833 0.09375
vt 0.291667 0.09375
vt 0.3125 0.09375
vt 0.333333 0.09375
vt 0.354167 0.09375
vt 0.375 0.09375
vt 0.395833 0.09375
vt 0.416667 0.09375
vt 0.4375 0.09375
vt 0.458333 0.09375
vt 0.479167 0.09375
vt 0.5 0.09375
vt 0.520833 0.09375
vt 0.541667 0.09375
vt 0.5625 0.09375
vt 0.583333 0.09375
vt 0.604167 0.09375
vt 0.625 0.09375
vt 0.645833 0.09375
vt 0.666667 0.09375
vt 0.6875 0.09375
vt 0.708333 0.09375
vt 0.729167 0.09375
vt 0.75 0.09375
vt 0.770833 0.09375
vt 0.791667 0.09375
vt 0.8125 0.09375
vt 0.833333 0.09375
vt 0.854167 0.09375
vt 0.875 0.09375
vt 0.895833 0.09375
vt 0.916667 0.09375
vt 0.9375 0.09375
vt 0.958333 0.09375
vt 0.979167 0.09375
vt 1 0.09375
vt 0 0.0625
vt 0.0208333 0.0625
vt 0.0416667 0.0625
vt 0.0625 0.0625
vt 0.0833333 0.0625
vt 0.104167 0.0625
vt 0.125 0.0625
vt 0.145833 0.0625
vt 0.166667 0.0625
vt 0.1875 0.0625
vt 0.208333 0.0625
vt 0.229167 0.0625
vt 0.25 0.0625
vt 0.270833 0.0625
vt 0.291667 0.0625
vt 0.3125 0.0625
vt 0.333333 0.0625
vt 0.354167 0.0625
vt 0.375 0.0625
vt 0.395833 0.0625
vt 0.416667 0.0625
vt 0.4375 0.0625
vt 0.458333 0.0625
vt 0.479167 0.0625
vt 0.5 0.0625
vt 0.520833 0.0625
vt 0.541667 0.0625
vt 0.5625 0.0625
vt 0.583333 0.0625
vt 0.604167 0.0625
vt 0.625 0.0625
vt 0.645833 0.0625
vt 0.666667 0.0625
vt 0.6875 0.0625
vt 0.708333 0.0625
vt 0.729167 0.0625
vt 0.75 0.0625
vt 0.770833 0.0625
vt 0.791667 0.0625
vt 0.8125 0.0625
vt 0.833333 0.0625
vt 0.854167 0.0625
vt 0.875 0.0625
vt 0.895833 0.0625
vt 0.916667 0.0625
vt 0.9375 0.0625
vt 0.958333 0.0625
vt 0.979167 0.0625
vt 1 0.0625
vt 0 0.03125
vt 0.0208333 0.03125
vt 0.0416667 0.03125
vt 0.0625 0.03125
vt 0.0833333 0.03125
vt 0.104167 0.03125
vt 0.125 0.03125
vt 0.145833 0.03125
vt 0.166667 0.03125
vt 0.1875 0.03125
vt 0.208333 0.03125
vt 0.229167 0.03125
vt 0.25 0.03125
vt 0.270833 0.03125
vt 0.291667 0.03125
vt 0.3125 0.03125
vt 0.333333 0.03125
vt 0.354167 0.03125
vt 0.375 0.03125
vt 0.395833 0.03125
vt 0.416667 0.03125
vt 0.4375 0.03125
vt 0.458333 0.03125
vt 0.479167 0.03125
vt 0.5 0.03125
vt 0.520833 0.03125
vt 0.541667 0.03125
vt 0.5625 0.03125
vt 0.583333 0.03125
vt 0.604167 0.03125
vt 0.625 0.03125
vt 0.645833 0.03125
vt 0.666667 0.03125
vt 0.6875 0.03125
vt 0.708333 0.03125
vt 0.729167 0.03125
vt 0.75 0.03125
vt 0.770833 0.03125
vt 0.791667 0.03125
vt 0.8125 0.03125
vt 0.833333 0.03125
vt 0.854167 0.03125
vt 0.875 0.03125
vt 0.895833 0.03125
vt 0.916667 0.03125
vt 0.9375 0.03125
vt 0.958333 0.03125
vt 0.979167 0.03125
vt 1 0.03125
vt 0 0
vt 0.0208333 0
vt 0.0416667 0
vt 0.0625 0
vt 0.0833333 0
vt 0.104167 0
vt 0.125 0
vt 0.145833 0
vt 0.166667 0
vt 0.1875 0
vt 0.208333 0
vt 0.229167 0
vt 0.25 0
vt 0.270833 0
vt 0.291667 0
vt 0.3125 0
vt 0.333333 0
vt 0.354167 0
vt 0.375 0
vt 0.395833 0
vt 0.416667 0
vt 0.4375 0
vt 0.458333 0
vt 0.479167 0
vt 0.5 0
vt 0.520833 0
vt 0.541667 0
vt 0.5625 0
vt 0.583333 0
vt 0.604167 0
vt 0.625 0
vt 0.645833 0
vt 0.666667 0
vt 0.6875 0
vt 0.708333 0
vt 0.729167 0
vt 0.75 0
vt 0.770833 0
vt 0.791667 0
vt 0.8125 0
vt 0.833333 0
vt 0.854167 0
vt 0.875 0
vt 0.895833 0
vt 0.916667 0
vt 0.9375 0
vt 0.958333 0
vt 0.979167 0
vt 1 0
vn 0 0 1
vn 0.00420897 0.998193 0.0599357
vn 0.0125549 0.998184 0.0589097
vn 0.0206856 0.998167 0.0568752
vn 0.0284618 0.998142 0.0538673
vn 0.0357506 0.998112 0.0499376
vn 0.0424271 0.998079 0.0451536
vn 0.0483771 0.998044 0.0395972
vn 0.0534991 0.99801 0.0333638
vn 0.0577056 0.99798 0.0265601
vn 0.0609249 0.997956 0.0193025
vn 0.063102 0.997938 0.011715
vn 0.0641999 0.997929 0.00392736
vn 0.0641997 0.997926 -0.00465084
vn 0.0631002 0.997911 -0.0138726
vn 0.0609203 0.997881 -0.0228564
vn 0.0576974 0.997839 -0.0314483
vn 0.0534871 0.997787 -0.039501
vn 0.0483619 0.997729 -0.0468767
vn 0.0424097 0.99767 -0.0534494
vn 0.0357327 0.997612 -0.059107
vn 0.0284452 0.99756 -0.063753
vn 0.0206721 0.997518 -0.0673085
vn 0.0125461 0.997488 -0.0697128
vn 0.00420597 0.997473 -0.0709253
vn -0.00420597 0.997473 -0.0709253
vn -0.0125461 0.997488 -0.0697128
vn -0.0206722 0.997518 -0.0673084
vn -0.0284453 0.99756 -0.0637531
vn -0.0357327 0.997612 -0.059107
vn -0.0424098 0.99767 -0.0534494
vn -0.0483619 0.997729 -0.0468767
vn -0.0534872 0.997787 -0.0395009
vn -0.0576974 0.997839 -0.0314483
vn -0.0609203 0.997881 -0.0228564
vn -0.0631002 0.997911 -0.0138726
vn -0.0641997 0.997926 -0.00465082
vn -0.0641999 0.997929 0.00392739
vn -0.063102 0.997938 0.011715
vn -0.0609249 0.997956 0.0193025
vn -0.0577056 0.99798 0.0265601
vn -0.0534991 0.99801 0.0333638
vn -0.0483771 0.998044 0.0395973
vn -0.0424271 0.998079 0.0451536
vn -0.0357507 0.998112 0.0499376
vn -0.0284618 0.998142 0.0538673
vn -0.0206856 0.998167 0.0568752
vn -0.0125549 0.998184 0.0589097
vn -0.00420895 0.998193 0.0599357
vn 0.0083927 0.992797 0.119512
vn 0.0153251 0.990244 0.138502
vn 0.0345612 0.990182 0.135442
vn 0.0532014 0.990078 0.130059
vn 0.0709248 0.989938 0.122448
vn 0.0874275 0.989771 0.112741
vn 0.102427 0.989589 0.101107
vn 0.115669 0.989404 0.0877472
vn 0.126929 0.98923 0.0728923
vn 0.136016 0.989077 0.0567968
vn 0.142778 0.988957 0.0397361
vn 0.147102 0.988877 0.0220005
vn 0.150061 0.988668 0.00410438
vn 0.148181 0.988816 -0.0169138
vn 0.1449 0.988711 -0.0381424
vn 0.139131 0.988532 -0.0587097
vn 0.130976 0.988292 -0.0782602
vn 0.120578 0.988006 -0.0964582
vn 0.108121 0.987695 -0.112993
vn 0.0938225 0.98738 -0.127584
vn 0.0779293 0.987082 -0.139985
vn 0.060715 0.986821 -0.14999
vn 0.0424735 0.986616 -0.157434
vn 0.0235148 0.986479 -0.162192
vn 0.00415932 0.986421 -0.164187
vn -0.0152663 0.986444 -0.163386
vn -0.0344344 0.986548 -0.159803
vn -0.0530213 0.986726 -0.153496
vn -0.0707118 0.986965 -0.144568
vn -0.0872048 0.987249 -0.133169
vn -0.102218 0.98756 -0.119486
vn -0.115491 0.987875 -0.103751
vn -0.126793 0.988174 -0.0862277
vn -0.135928 0.988436 -0.0672159
vn -0.142732 0.988643 -0.0470408
vn -0.147087 0.98878 -0.0260506
vn -0.147701 0.989023 -0.00434181
vn -0.148187 0.988856 0.0142834
vn -0.144931 0.988917 0.0322159
vn -0.1392 0.989021 0.0496017
vn -0.131091 0.989161 0.0661446
vn -0.120739 0.989328 0.0815625
vn -0.10832 0.98951 0.0955914
vn -0.0940423 0.989694 0.10799
vn -0.0781493 0.989869 0.118543
vn -0.0609118 0.990022 0.127069
vn -0.0426254 0.990143 0.133419
vn -0.0236041 0.990223 0.137482
vn -0.0104636 0.988782 0.149002
vn 0.0157784 0.974304 0.224682
vn 0.0302978 0.969297 0.244017
vn 0.0641511 0.969098 0.23819
vn 0.0968799 0.968768 0.228259
vn 0.127915 0.968332 0.214407
vn 0.156723 0.967819 0.196886
vn 0.182812 0.967265 0.176008
vn 0.205743 0.966707 0.152143
vn 0.225138 0.966183 0.125709
vn 0.24068 0.965729 0.0971602
vn 0.252116 0.965376 0.0669839
vn 0.259265 0.965147 0.0356884
vn 0.263544 0.964639 0.00406107
vn 0.260277 0.964958 -0.0333371
vn 0.254024 0.96462 -0.0705762
vn 0.243375 0.964061 -0.106558
vn 0.228534 0.963322 -0.140649
vn 0.209779 0.962455 -0.17226
vn 0.187459 0.961518 -0.200854
vn 0.161977 0.960576 -0.225958
vn 0.133783 0.959693 -0.247166
vn 0.103367 0.958929 -0.264141
vn 0.0712449 0.958334 -0.276622
vn 0.0379524 0.957949 -0.284419
vn 0.00403858 0.957797 -0.287416
vn -0.0299413 0.957891 -0.285567
vn -0.0634313 0.958223 -0.278901
vn -0.0958803 0.958771 -0.267517
vn -0.126749 0.959499 -0.251587
vn -0.155515 0.960359 -0.231357
vn -0.181683 0.961292 -0.207143
vn -0.204792 0.962236 -0.179336
vn -0.224426 0.963126 -0.148395
vn -0.240224 0.963901 -0.11484
vn -0.251889 0.964506 -0.0792513
vn -0.259199 0.964899 -0.0422517
vn -0.260439 0.965481 -0.0041769
vn -0.260318 0.965112 0.0281558
vn -0.254206 0.96531 0.0596403
vn -0.243772 0.965635 0.090129
vn -0.229185 0.966068 0.119109
vn -0.210678 0.966578 0.146087
vn -0.188554 0.967131 0.170601
vn -0.163176 0.96769 0.192223
vn -0.134971 0.968216 0.210571
vn -0.104418 0.968674 0.225319
vn -0.07204 0.969031 0.236199
vn -0.0384008 0.969263 0.243013
vn -0.0182929 0.965303 0.260491
vn 0.0234475 0.942321 0.333889
vn 0.0455132 0.935321 0.350861
vn 0.0941502 0.934911 0.342164
vn 0.141096 0.934245 0.327534
vn 0.18552 0.933369 0.307254
vn 0.226653 0.932344 0.281715
vn 0.263799 0.931241 0.251396
vn 0.296348 0.930137 0.21685
vn 0.323779 0.929105 0.178694
vn 0.345668 0.928215 0.137589
vn 0.361684 0.927526 0.0942312
vn 0.371591 0.927084 0.0493395
vn 0.376748 0.926308 0.00391887
vn 0.372461 0.926709 -0.0498409
vn 0.36312 0.926024 -0.103072
vn 0.347423 0.924911 -0.15439
vn 0.325703 0.923451 -0.202869
vn 0.298407 0.921746 -0.247664
vn 0.266077 0.919917 -0.288022
vn 0.22933 0.918088 -0.3233
vn 0.188836 0.916384 -0.352962
vn 0.145305 0.914917 -0.376581
vn 0.0994661 0.913784 -0.393834
vn 0.052064 0.913058 -0.404492
vn 0.00384883 0.912786 -0.408421
vn -0.0444264 0.912984 -0.40557
vn -0.0920081 0.91364 -0.395976
vn -0.138146 0.914712 -0.379759
vn -0.182094 0.916132 -0.357134
vn -0.223119 0.917805 -0.328408
vn -0.260508 0.919622 -0.293991
vn -0.293584 0.92146 -0.254401
vn -0.321719 0.923193 -0.210265
vn -0.344359 0.9247 -0.162317
vn -0.36104 0.925874 -0.111391
vn -0.371409 0.926631 -0.0583998
vn -0.373712 0.927536 -0.00399291
vn -0.372593 0.927039 0.0421029
vn -0.363674 0.927438 0.0871712
vn -0.348617 0.92809 0.130822
vn -0.327643 0.928952 0.172332
vn -0.301068 0.929966 0.211003
vn -0.269301 0.931064 0.246166
vn -0.232848 0.932172 0.277197
vn -0.192305 0.933214 0.303531
vn -0.148354 0.934118 0.324676
vn -0.101756 0.934821 0.340227
vn -0.0533309 0.935274 0.349882
vn -0.025901 0.929135 0.368831
vn 0.0307341 0.89862 0.43765
vn 0.059982 0.889964 0.452068
vn 0.1226 0.889308 0.440568
vn 0.182946 0.888249 0.421361
vn 0.239933 0.886862 0.394852
vn 0.292566 0.885247 0.361584
vn 0.339965 0.883516 0.322218
vn 0.381371 0.881788 0.277501
vn 0.416156 0.88018 0.22825
vn 0.443819 0.878798 0.175324
vn 0.463979 0.877734 0.119611
vn 0.476368 0.877056 0.0620156
vn 0.48222 0.876042 0.0037156
vn 0.477013 0.876468 -0.0652908
vn 0.46465 0.875391 -0.133385
vn 0.444041 0.873655 -0.198881
vn 0.415675 0.87139 -0.260563
vn 0.380197 0.868761 -0.317341
vn 0.338371 0.865953 -0.368281
vn 0.291042 0.863161 -0.412611
vn 0.239105 0.860572 -0.449716
vn 0.183477 0.858356 -0.479126
vn 0.125076 0.856653 -0.500502
vn 0.0648173 0.85557 -0.513614
vn 0.00360572 0.855173 -0.51833
vn -0.0576585 0.855487 -0.514605
vn -0.118076 0.856492 -0.502474
vn -0.176742 0.858127 -0.482059
vn -0.232744 0.860289 -0.453577
vn -0.285162 0.862843 -0.417355
vn -0.333079 0.86562 -0.373845
vn -0.375596 0.868436 -0.323644
vn -0.411862 0.871097 -0.267507
vn -0.4411 0.873414 -0.206348
vn -0.462649 0.875219 -0.141238
vn -0.476 0.876378 -0.0733828
vn -0.479417 0.877579 -0.00376783
vn -0.477305 0.877004 0.0551682
vn -0.465841 0.877633 0.112925
vn -0.446582 0.878655 0.168906
vn -0.419784 0.880004 0.222206
vn -0.385811 0.88159 0.271934
vn -0.345153 0.88331 0.317227
vn -0.298422 0.885047 0.357262
vn -0.24636 0.886682 0.391282
vn -0.189835 0.888101 0.418616
vn -0.129829 0.889203 0.438705
vn -0.067419 0.88991 0.451126
vn -0.0330264 0.88189 0.470297
vn 0.037456 0.845052 0.533371
vn 0.0733562 0.835073 0.545227
vn 0.148817 0.83417 0.531051
vn 0.221425 0.832719 0.507494
vn 0.289844 0.830828 0.475096
vn 0.352871 0.828632 0.43457
vn 0.409465 0.826287 0.386766
vn 0.458752 0.823955 0.332633
vn 0.50003 0.821792 0.273181
vn 0.532753 0.819941 0.209455
vn 0.556521 0.818519 0.142513
vn 0.571061 0.817618 0.0734152
vn 0.577461 0.816411 0.00346837
vn 0.571407 0.816826 -0.0793063
vn 0.556162 0.815374 -0.160776
vn 0.530899 0.813049 -0.238952
vn 0.496288 0.810028 -0.312334
vn 0.453196 0.806539 -0.379617
vn 0.402628 0.802831 -0.439719
vn 0.345668 0.799163 -0.491785
vn 0.283428 0.795778 -0.53517
vn 0.217013 0.792893 -0.569408
vn 0.1475 0.790687 -0.594187
vn 0.0759336 0.789291 -0.609306
vn 0.00332588 0.788788 -0.614656
vn -0.0693273 0.789208 -0.610201
vn -0.141031 0.790524 -0.595972
vn -0.210774 0.792661 -0.572069
vn -0.277516 0.79549 -0.538684
vn -0.340183 0.798838 -0.496118
vn -0.397672 0.80249 -0.444821
vn -0.44887 0.806205 -0.385421
vn -0.492688 0.809725 -0.318753
vn -0.528113 0.812798 -0.245878
vn -0.554261 0.815195 -0.16808
vn -0.570443 0.816733 -0.0868447
vn -0.57495 0.818181 -0.00350686
vn -0.571923 0.817564 0.0670303
vn -0.558236 0.818414 0.136273
vn -0.535302 0.819791 0.203455
vn -0.503382 0.821608 0.267519
vn -0.462866 0.823748 0.327405
vn -0.414284 0.826071 0.382067
vn -0.358324 0.828422 0.43049
vn -0.295844 0.830637 0.471718
vn -0.22787 0.832563 0.504891
vn -0.155591 0.834058 0.529281
vn -0.0803325 0.835015 0.544331
vn -0.0395442 0.825436 0.563109
vn 0.0435267 0.783541 0.619814
vn 0.0854636 0.77255 0.629176
vn 0.172472 0.771431 0.612493
vn 0.256058 0.769642 0.584881
vn 0.334648 0.767316 0.547025
vn 0.406855 0.764625 0.499818
vn 0.4715 0.76176 0.444307
vn 0.527628 0.758921 0.381637
vn 0.574493 0.756296 0.313008
vn 0.611535 0.754057 0.239631
vn 0.638362 0.752343 0.16271
vn 0.654712 0.75126 0.0834304
vn 0.661532 0.74991 0.0031898
vn 0.654701 0.7503 -0.0917393
vn 0.636769 0.74854 -0.18497
vn 0.607193 0.745735 -0.27422
vn 0.566843 0.742107 -0.357723
vn 0.516827 0.737935 -0.433985
vn 0.458396 0.733523 -0.501814
vn 0.392872 0.729178 -0.560313
vn 0.321571 0.725187 -0.608847
vn 0.245765 0.721801 -0.646995
vn 0.166658 0.719222 -0.674497
vn 0.085384 0.717597 -0.691205
vn 0.00302334 0.717019 -0.697047
vn -0.0793757 0.717519 -0.692002
vn -0.160765 0.719069 -0.676088
vn -0.240069 0.721583 -0.649373
vn -0.316157 0.724916 -0.611998
vn -0.38783 0.72887 -0.564213
vn -0.453822 0.733198 -0.506425
vn -0.512817 0.737616 -0.439252
vn -0.563494 0.741816 -0.363571
vn -0.604591 0.745494 -0.280551
vn -0.634989 0.748367 -0.191665
vn -0.653797 0.75021 -0.0986608
vn -0.659333 0.751844 -0.00321866
vn -0.655493 0.751208 0.0775624
vn -0.639917 0.752241 0.15697
vn -0.613851 0.753912 0.234103
vn -0.577545 0.756117 0.30778
vn -0.531383 0.758719 0.376798
vn -0.475911 0.761549 0.439945
vn -0.411859 0.764418 0.496021
vn -0.340169 0.767129 0.543873
vn -0.262002 0.769488 0.582447
vn -0.17873 0.771322 0.610834
vn -0.091916 0.772493 0.628335
vn -0.0453908 0.761677 0.646365
vn 0.0489091 0.715922 0.696465
vn 0.0962324 0.70419 0.70346
vn 0.193435 0.702909 0.684471
vn 0.286669 0.700869 0.653149
vn 0.374142 0.698225 0.610327
vn 0.454303 0.695175 0.557082
vn 0.525864 0.69194 0.494658
vn 0.587814 0.688742 0.424392
vn 0.639389 0.685796 0.347658
vn 0.680044 0.683289 0.265815
vn 0.709408 0.681375 0.180189
vn 0.72725 0.680171 0.0920613
vn 0.734385 0.678727 0.0028897
vn 0.726848 0.679096 -0.102572
vn 0.70646 0.677124 -0.205954
vn 0.672971 0.673996 -0.304696
vn 0.627457 0.669967 -0.39679
vn 0.571267 0.665352 -0.480583
vn 0.505905 0.660494 -0.554805
vn 0.432912 0.655731 -0.61855
vn 0.353795 0.651375 -0.671223
vn 0.269965 0.647692 -0.712471
vn 0.182724 0.644897 -0.742105
vn 0.0932673 0.643143 -0.760045
vn 0.00270913 0.642525 -0.76626
vn -0.0878805 0.643074 -0.760745
vn -0.177433 0.644762 -0.743505
vn -0.26484 0.647498 -0.714567
vn -0.348908 0.651133 -0.674009
vn -0.428346 0.655457 -0.62201
vn -0.501745 0.660204 -0.558912
vn -0.567607 0.665066 -0.485293
vn -0.624387 0.669705 -0.40204
vn -0.670578 0.673778 -0.3104
vn -0.704819 0.676968 -0.212001
vn -0.726013 0.679014 -0.108834
vn -0.732493 0.680768 -0.00291139
vn -0.727948 0.680123 0.0867476
vn -0.710798 0.681283 0.174985
vn -0.682117 0.683156 0.260796
vn -0.642127 0.685632 0.342901
vn -0.591191 0.688557 0.419979
vn -0.529842 0.691746 0.490669
vn -0.458828 0.694985 0.553599
vn -0.379148 0.698052 0.607429
vn -0.29207 0.700726 0.650905
vn -0.199132 0.702808 0.68294
vn -0.102112 0.704137 0.702684
vn -0.0505442 0.692382 0.719758
vn 0.0536025 0.643815 0.763302
vn 0.105658 0.631561 0.768093
vn 0.211711 0.630187 0.747022
vn 0.313282 0.628005 0.712365
vn 0.408383 0.625186 0.665106
vn 0.495321 0.621943 0.606502
vn 0.572725 0.618511 0.537986
vn 0.639548 0.615131 0.461078
vn 0.69503 0.612024 0.377305
vn 0.738655 0.609388 0.288159
vn 0.77009 0.607381 0.195063
vn 0.789141 0.606121 0.099372
vn 0.796503 0.604629 0.00257655
vn 0.788335 0.604991 -0.111867
vn 0.765748 0.602919 -0.223871
vn 0.728778 0.599643 -0.330621
vn 0.678707 0.595439 -0.429895
vn 0.61712 0.590642 -0.519909
vn 0.545754 0.585612 -0.599342
vn 0.466361 0.580701 -0.667304
vn 0.380609 0.576225 -0.723257
vn 0.29003 0.572455 -0.766928
vn 0.195997 0.569602 -0.79821
vn 0.0997418 0.567818 -0.817089
vn 0.00239157 0.567193 -0.823581
vn -0.0949846 0.567759 -0.817696
vn -0.191319 0.569488 -0.799425
vn -0.285489 0.572292 -0.768751
vn -0.376268 0.576022 -0.725687
vn -0.462291 0.580469 -0.670331
vn -0.542034 0.585366 -0.602948
vn -0.613834 0.590398 -0.524059
vn -0.675941 0.595215 -0.434537
vn -0.726616 0.599456 -0.33568
vn -0.764262 0.602785 -0.229248
vn -0.787577 0.60492 -0.117444
vn -0.794901 0.606734 -0.0025927
vn -0.789754 0.60608 0.0946359
vn -0.771314 0.607301 0.190421
vn -0.740482 0.609274 0.283675
vn -0.697449 0.611882 0.373047
vn -0.642538 0.61497 0.457117
vn -0.576256 0.618342 0.534398
vn -0.499349 0.621777 0.603361
vn -0.41285 0.625035 0.662485
vn -0.318111 0.627881 0.710332
vn -0.216813 0.630098 0.745633
vn -0.11093 0.631514 0.767388
vn -0.0550133 0.619083 0.783396
vn 0.0576279 0.568562 0.820619
vn 0.11378 0.555955 0.823388
vn 0.227386 0.554562 0.800473
vn 0.336043 0.552355 0.762875
vn 0.43759 0.54951 0.711725
vn 0.530213 0.546246 0.648452
vn 0.612476 0.542802 0.574665
vn 0.683315 0.539417 0.492047
vn 0.74199 0.536314 0.402266
vn 0.78802 0.533688 0.306922
vn 0.821121 0.531693 0.207517
vn 0.841135 0.530443 0.105461
vn 0.848655 0.528941 0.00225568
vn 0.839933 0.529317 -0.119731
vn 0.815418 0.527255 -0.238946
vn 0.775414 0.524005 -0.352353
vn 0.721398 0.519846 -0.457543
vn 0.655177 0.515116 -0.552628
vn 0.578704 0.510175 -0.636257
vn 0.493914 0.505367 -0.707569
vn 0.402619 0.501 -0.766092
vn 0.306442 0.497332 -0.811637
vn 0.206813 0.494564 -0.844177
vn 0.104983 0.492837 -0.863765
vn 0.00207537 0.492236 -0.870459
vn -0.100853 0.49279 -0.864284
vn -0.202747 0.494473 -0.845216
vn -0.302489 0.497202 -0.813198
vn -0.39883 0.500837 -0.768178
vn -0.490352 0.50518 -0.710174
vn -0.575438 0.509977 -0.639371
vn -0.652283 0.514919 -0.556224
vn -0.718954 0.519664 -0.461578
vn -0.773498 0.523853 -0.356762
vn -0.814098 0.527146 -0.243642
vn -0.839259 0.52926 -0.124609
vn -0.84732 0.531078 -0.00226745
vn -0.841666 0.530409 0.101315
vn -0.82218 0.531628 0.20345
vn -0.789604 0.533595 0.302988
vn -0.74409 0.536198 0.398524
vn -0.685917 0.539285 0.488559
vn -0.615555 0.542662 0.571498
vn -0.533733 0.546109 0.645673
vn -0.441503 0.549385 0.709401
vn -0.340283 0.552252 0.761069
vn -0.231872 0.554488 0.799236
vn -0.118419 0.555916 0.82276
vn -0.0588239 0.543024 0.837655
vn 0.0610184 0.491218 0.868897
vn 0.120659 0.478379 0.869824
vn 0.240596 0.477039 0.845309
vn 0.355169 0.47492 0.805174
vn 0.462066 0.472194 0.750684
vn 0.559375 0.469074 0.683425
vn 0.645613 0.465789 0.605165
vn 0.719711 0.462569 0.517731
vn 0.780954 0.459624 0.422914
vn 0.828906 0.457135 0.322402
vn 0.863324 0.455249 0.21776
vn 0.884096 0.454069 0.110436
vn 0.891717 0.452589 0.0019315
vn 0.882519 0.453003 -0.126286
vn 0.856349 0.451051 -0.251435
vn 0.813755 0.447983 -0.370289
vn 0.756394 0.444067 -0.480284
vn 0.686274 0.439627 -0.579445
vn 0.605535 0.435003 -0.666408
vn 0.516274 0.430516 -0.740349
vn 0.42042 0.426452 -0.800866
vn 0.319673 0.423048 -0.847844
vn 0.215498 0.420485 -0.881336
vn 0.109157 0.41889 -0.901452
vn 0.00176362 0.418338 -0.90829
vn -0.105646 0.418855 -0.901886
vn -0.212038 0.420417 -0.882207
vn -0.316303 0.42295 -0.849156
vn -0.417185 0.426329 -0.802621
vn -0.513225 0.430374 -0.742548
vn -0.602732 0.434851 -0.669043
vn -0.683782 0.439477 -0.582496
vn -0.754285 0.443928 -0.483717
vn -0.812098 0.447866 -0.37405
vn -0.855205 0.450967 -0.255448
vn -0.881934 0.452959 -0.13046
vn -0.890625 0.454735 -0.00193982
vn -0.884545 0.454043 0.106887
vn -0.864222 0.455198 0.214276
vn -0.83025 0.457063 0.319027
vn -0.78274 0.459534 0.419699
vn -0.721927 0.462467 0.51473
vn -0.64824 0.465681 0.602433
vn -0.562386 0.468967 0.681023
vn -0.465419 0.472097 0.748672
vn -0.358808 0.474839 0.803607
vn -0.244452 0.476981 0.844235
vn -0.124651 0.478349 0.869278
vn -0.0620119 0.465164 0.88305
vn 0.0638125 0.412567 0.908689
vn 0.126372 0.399578 0.907947
vn 0.251496 0.398356 0.882078
vn 0.370898 0.396428 0.839809
vn 0.482142 0.393952 0.782522
vn 0.583234 0.391123 0.711942
vn 0.672659 0.388151 0.629975
vn 0.74935 0.385244 0.538574
vn 0.812621 0.38259 0.439628
vn 0.862077 0.380351 0.334898
vn 0.897521 0.378657 0.226
vn 0.918874 0.377599 0.114406
vn 0.926552 0.376164 0.00160686
vn 0.916956 0.37664 -0.131656
vn 0.889399 0.374885 -0.261591
vn 0.84465 0.372133 -0.384816
vn 0.784521 0.368628 -0.498638
vn 0.711193 0.364665 -0.601019
vn 0.62697 0.360546 -0.69059
vn 0.534081 0.356561 -0.766565
vn 0.434552 0.352961 -0.828603
vn 0.33014 0.349951 -0.876665
vn 0.222339 0.347688 -0.910867
vn 0.112412 0.346283 -0.931371
vn 0.00145776 0.3458 -0.938307
vn -0.109509 0.346259 -0.931726
vn -0.219477 0.34764 -0.911579
vn -0.327349 0.349881 -0.877739
vn -0.431867 0.352873 -0.830043
vn -0.531546 0.356461 -0.768371
vn -0.624634 0.360439 -0.69276
vn -0.709112 0.364557 -0.603538
vn -0.782755 0.368529 -0.501478
vn -0.84326 0.372049 -0.387934
vn -0.888438 0.374825 -0.264923
vn -0.916464 0.376609 -0.135125
vn -0.925679 0.378307 -0.00161246
vn -0.919245 0.37758 0.111454
vn -0.898261 0.37862 0.2231
vn -0.863186 0.380299 0.332087
vn -0.814096 0.382525 0.436946
vn -0.751184 0.38517 0.536066
vn -0.674837 0.388074 0.627689
vn -0.585735 0.391046 0.709927
vn -0.484932 0.393882 0.780832
vn -0.373931 0.39637 0.838491
vn -0.254713 0.398314 0.881174
vn -0.129706 0.399556 0.907486
vn -0.0646169 0.386206 0.920147
vn 0.0660499 0.33316 0.940554
vn 0.130991 0.320073 0.938293
vn 0.260236 0.319026 0.911317
vn 0.383464 0.317377 0.86731
vn 0.498135 0.315262 0.807757
vn 0.602194 0.31285 0.734498
vn 0.694103 0.31032 0.649556
vn 0.7728 0.307849 0.554985
vn 0.83763 0.305596 0.452754
vn 0.888234 0.303699 0.344684
vn 0.924454 0.302266 0.232424
vn 0.946243 0.301372 0.117467
vn 0.953939 0.299999 0.00128277
vn 0.944024 0.30056 -0.135953
vn 0.915342 0.299073 -0.269639
vn 0.868854 0.296746 -0.396277
vn 0.806504 0.293788 -0.513069
vn 0.730617 0.290451 -0.617929
vn 0.643631 0.28699 -0.70949
vn 0.547882 0.283648 -0.787001
vn 0.445469 0.280634 -0.850178
vn 0.338198 0.278118 -0.89904
vn 0.227577 0.276231 -0.933759
vn 0.114869 0.275061 -0.95454
vn 0.00115792 0.274659 -0.961541
vn -0.112563 0.275045 -0.954819
vn -0.225302 0.2762 -0.934319
vn -0.335977 0.278073 -0.899886
vn -0.44333 0.280577 -0.851314
vn -0.545858 0.283582 -0.788429
vn -0.641763 0.28692 -0.711208
vn -0.728951 0.290381 -0.619927
vn -0.805087 0.293723 -0.515326
vn -0.867736 0.296691 -0.398759
vn -0.914568 0.299033 -0.272296
vn -0.943628 0.300539 -0.13872
vn -0.953265 0.302133 -0.00128627
vn -0.946537 0.30136 0.11511
vn -0.925041 0.302242 0.230108
vn -0.889114 0.303665 0.342437
vn -0.838802 0.305554 0.450609
vn -0.774259 0.3078 0.552976
vn -0.695838 0.310269 0.647722
vn -0.604189 0.312799 0.73288
vn -0.500363 0.315216 0.806397
vn -0.385889 0.317338 0.866248
vn -0.262811 0.318998 0.910588
vn -0.133661 0.320059 0.937922
vn -0.0666776 0.306634 0.949489
vn 0.0677667 0.253362 0.964995
vn 0.134583 0.240205 0.961348
vn 0.266954 0.239379 0.933506
vn 0.393075 0.238079 0.88815
vn 0.510327 0.236415 0.826846
vn 0.616611 0.23452 0.751526
vn 0.71037 0.232534 0.664306
vn 0.790555 0.230597 0.567317
vn 0.856531 0.228834 0.46259
vn 0.907973 0.22735 0.35199
vn 0.944754 0.226231 0.237192
vn 0.966854 0.225534 0.119698
vn 0.974535 0.224235 0.000960185
vn 0.964378 0.224898 -0.13927
vn 0.934822 0.223735 -0.275772
vn 0.886995 0.221918 -0.40496
vn 0.822944 0.219613 -0.523959
vn 0.745108 0.217015 -0.63065
vn 0.656025 0.214326 -0.723668
vn 0.558116 0.211733 -0.802294
vn 0.453538 0.209398 -0.866288
vn 0.344126 0.207453 -0.915719
vn 0.231402 0.205995 -0.950799
vn 0.116624 0.205091 -0.97177
vn 0.00086344 0.204783 -0.978807
vn -0.114904 0.205083 -0.971976
vn -0.229704 0.205977 -0.951215
vn -0.342468 0.207427 -0.916346
vn -0.451939 0.209366 -0.867131
vn -0.556602 0.211696 -0.803355
vn -0.654626 0.214287 -0.724946
vn -0.743857 0.216976 -0.632138
vn -0.82188 0.219576 -0.525643
vn -0.886154 0.221887 -0.406814
vn -0.934239 0.223713 -0.277758
vn -0.964079 0.224886 -0.141341
vn -0.974044 0.226357 -0.000962113
vn -0.967072 0.225527 0.117935
vn -0.945191 0.226217 0.235457
vn -0.908628 0.227331 0.350307
vn -0.857404 0.228809 0.460981
vn -0.791643 0.230569 0.565809
vn -0.711666 0.232504 0.662928
vn -0.618102 0.23449 0.750309
vn -0.511996 0.236388 0.825821
vn -0.394892 0.238057 0.88735
vn -0.268885 0.239363 0.932956
vn -0.136586 0.240197 0.961067
vn -0.0682274 0.226757 0.971559
vn 0.0689915 0.173391 0.982434
vn 0.137202 0.160177 0.977506
vn 0.271761 0.159606 0.949037
vn 0.3999 0.15871 0.902713
vn 0.518947 0.157564 0.840159
vn 0.626769 0.156259 0.763377
vn 0.721802 0.154893 0.674544
vn 0.803004 0.153563 0.57585
vn 0.869759 0.152353 0.469371
vn 0.921764 0.151336 0.356998
vn 0.958918 0.150569 0.240426
vn 0.98122 0.150091 0.121164
vn 0.988856 0.148873 0.000639187
vn 0.978534 0.149655 -0.141684
vn 0.948348 0.148858 -0.280139
vn 0.899564 0.147613 -0.411089
vn 0.834307 0.146035 -0.531606
vn 0.755095 0.144259 -0.639547
vn 0.664541 0.142423 -0.733554
vn 0.565122 0.140655 -0.812929
vn 0.459035 0.139065 -0.877467
vn 0.348137 0.137741 -0.927269
vn 0.233956 0.136749 -0.962582
vn 0.117748 0.136136 -0.983668
vn 0.000572968 0.135927 -0.990719
vn -0.116607 0.136132 -0.983804
vn -0.232829 0.136741 -0.962856
vn -0.347035 0.137729 -0.927684
vn -0.457972 0.13905 -0.878024
vn -0.564114 0.140638 -0.813631
vn -0.663609 0.142405 -0.734401
vn -0.754261 0.144241 -0.640535
vn -0.833597 0.146018 -0.532724
vn -0.899003 0.147599 -0.412322
vn -0.947958 0.148847 -0.28146
vn -0.978334 0.14965 -0.143061
vn -0.988536 0.150985 -0.000640032
vn -0.981364 0.150088 0.11999
vn -0.959208 0.150562 0.239271
vn -0.922199 0.151327 0.355877
vn -0.870338 0.152342 0.468298
vn -0.803726 0.15355 0.574845
vn -0.722664 0.15488 0.673624
vn -0.627761 0.156245 0.762564
vn -0.520058 0.157551 0.839475
vn -0.401111 0.1587 0.902178
vn -0.273048 0.159599 0.948669
vn -0.138538 0.160173 0.977319
vn -0.0692936 0.146757 0.986743
vn 0.0697465 0.0933618 0.993186
vn 0.138891 0.080094 0.987063
vn 0.27474 0.0798028 0.958201
vn 0.404065 0.0793457 0.911282
vn 0.524162 0.0787611 0.847969
vn 0.632878 0.0780964 0.770302
vn 0.728647 0.0774013 0.680502
vn 0.810431 0.0767245 0.580789
vn 0.877627 0.0761093 0.473264
vn 0.929947 0.0755925 0.359839
vn 0.967304 0.0752028 0.242216
vn 0.989707 0.0749608 0.121908
vn 0.997271 0.0738265 0.0003192
vn 0.986861 0.0747391 -0.143247
vn 0.95628 0.0743333 -0.282848
vn 0.906911 0.0737005 -0.414826
vn 0.840924 0.0728996 -0.536221
vn 0.760884 0.0719987 -0.644881
vn 0.66945 0.071068 -0.73945
vn 0.569133 0.0701725 -0.819246
vn 0.462152 0.0693676 -0.884084
vn 0.350376 0.0686977 -0.934086
vn 0.235338 0.0681965 -0.969518
vn 0.11829 0.0678867 -0.990656
vn 0.000285728 0.0677818 -0.9977
vn -0.117721 0.067886 -0.990724
vn -0.234776 0.0681946 -0.969655
vn -0.349827 0.0686948 -0.934292
vn -0.461621 0.0693639 -0.884361
vn -0.56863 0.0701683 -0.819596
vn -0.668984 0.0710634 -0.739872
vn -0.760467 0.0719942 -0.645374
vn -0.840568 0.0728955 -0.536779
vn -0.90663 0.073697 -0.415441
vn -0.956085 0.0743306 -0.283507
vn -0.986761 0.0747377 -0.143935
vn -0.997113 0.0759314 -0.00031941
vn -0.989779 0.07496 0.121322
vn -0.967448 0.0752015 0.241639
vn -0.930164 0.0755905 0.359279
vn -0.877916 0.0761064 0.472728
vn -0.810791 0.076721 0.580286
vn -0.729077 0.0773979 0.680041
vn -0.633374 0.0780931 0.769896
vn -0.524716 0.0787582 0.847626
vn -0.40467 0.0793431 0.911014
vn -0.275384 0.0798011 0.958017
vn -0.139559 0.0800931 0.986969
vn -0.069896 0.0667202 0.995321
vn 0.0700463 0.0133211 0.997455
vn 0.140108 -0.000766952 0.990136
vn 0.276755 -0.00403924 0.960932
vn 0.406722 -0.00964115 0.913501
vn 0.527236 -0.0171196 0.849547
vn 0.636102 -0.0258944 0.771171
vn 0.731736 -0.0353156 0.680673
vn 0.813131 -0.0447231 0.58036
vn 0.879754 -0.0534932 0.47241
vn 0.931422 -0.0610758 0.35878
vn 0.968164 -0.0670186 0.24118
vn 0.990101 -0.0709817 0.121088
vn 0.997123 -0.0758017 -0.000207611
vn 0.987043 -0.0719929 -0.143399
vn 0.956759 -0.0685939 -0.282678
vn 0.90786 -0.0628483 -0.414535
vn 0.842378 -0.0552424 -0.536048
vn 0.762748 -0.0463859 -0.645031
vn 0.671536 -0.0369445 -0.74005
vn 0.571217 -0.0275805 -0.820335
vn 0.464018 -0.0189044 -0.885624
vn 0.351848 -0.0114445 -0.935987
vn 0.236289 -0.00562802 -0.971667
vn 0.118641 -0.00177271 -0.992936
vn 0 -8.28931e-05 -1
vn -0.118648 -0.000649502 -0.992936
vn -0.236316 -0.003449 -0.97167
vn -0.351912 -0.00834181 -0.935996
vn -0.464135 -0.0150708 -0.885636
vn -0.571402 -0.0232606 -0.820341
vn -0.671794 -0.0324227 -0.740028
vn -0.763068 -0.0419695 -0.644955
vn -0.842731 -0.051242 -0.53589
vn -0.9082 -0.0595531 -0.414278
vn -0.957029 -0.0662478 -0.282322
vn -0.987193 -0.0707735 -0.142973
vn -0.997569 -0.0696839 0.000207704
vn -0.989967 -0.0722061 0.121452
vn -0.967919 -0.0693941 0.24149
vn -0.931104 -0.0644575 0.359015
vn -0.879409 -0.0576708 0.472562
vn -0.812803 -0.04943 0.580438
vn -0.73146 -0.0402413 0.680696
vn -0.635895 -0.0307032 0.771165
vn -0.527101 -0.0214745 0.849531
vn -0.406647 -0.0132269 0.91349
vn -0.276723 -0.00659113 0.960927
vn -0.1401 -0.0020934 0.990135
vn -0.0704853 -0.0136011 0.99742
vn 0.0707781 -0.0669971 0.99524
vn 0.142146 -0.0829469 0.986364
vn 0.280009 -0.0903471 0.955737
vn 0.410308 -0.101934 0.906232
vn 0.530008 -0.116718 0.839921
vn 0.636839 -0.133495 0.759352
vn 0.729354 -0.150987 0.667267
vn 0.806871 -0.167963 0.566346
vn 0.86932 -0.183329 0.458992
vn 0.917035 -0.196181 0.347217
vn 0.950542 -0.205829 0.232603
vn 0.970365 -0.211794 0.116342
vn 0.976673 -0.21473 -0.000711916
vn 0.96753 -0.211157 -0.138922
vn 0.939972 -0.203507 -0.273929
vn 0.895028 -0.191428 -0.40284
vn 0.834009 -0.175831 -0.522983
vn 0.758639 -0.157872 -0.632095
vn 0.670924 -0.138848 -0.72841
vn 0.573018 -0.12009 -0.810696
vn 0.467062 -0.102857 -0.878222
vn 0.355065 -0.0882543 -0.930666
vn 0.238824 -0.0771773 -0.967991
vn 0.119911 -0.0702766 -0.990294
vn -0.000291278 -0.0679464 -0.997689
vn -0.120504 -0.0703177 -0.990219
vn -0.239444 -0.0772587 -0.967831
vn -0.355724 -0.088374 -0.930403
vn -0.467763 -0.10301 -0.877831
vn -0.573751 -0.12027 -0.810151
vn -0.671668 -0.139045 -0.727687
vn -0.759359 -0.158072 -0.63118
vn -0.834664 -0.17602 -0.521875
vn -0.895571 -0.191589 -0.401554
vn -0.940362 -0.203625 -0.2725
vn -0.967733 -0.211219 -0.1374
vn -0.977082 -0.212862 0.000711634
vn -0.970219 -0.211745 0.117638
vn -0.950257 -0.205734 0.233849
vn -0.916621 -0.196047 0.348383
vn -0.868795 -0.183165 0.46005
vn -0.806257 -0.167781 0.567273
vn -0.728677 -0.1508 0.668049
vn -0.636125 -0.133316 0.759982
vn -0.529282 -0.116559 0.840402
vn -0.409586 -0.101806 0.906573
vn -0.2793 -0.0902573 0.955952
vn -0.141451 -0.0829007 0.986468
vn -0.0715248 -0.0936259 0.993035
vn 0.0715133 -0.147008 0.986547
vn 0.143739 -0.162879 0.976119
vn 0.282332 -0.169546 0.944215
vn 0.412497 -0.179928 0.893013
vn 0.531056 -0.193092 0.825042
vn 0.635824 -0.207933 0.743298
vn 0.725613 -0.223303 0.650862
vn 0.800091 -0.238126 0.550591
vn 0.859546 -0.251468 0.44491
vn 0.904623 -0.262573 0.335728
vn 0.936084 -0.270878 0.224438
vn 0.954611 -0.275993 0.112005
vn 0.960419 -0.278559 -0.000991108
vn 0.951942 -0.275199 -0.134432
vn 0.926217 -0.267982 -0.265156
vn 0.884036 -0.256548 -0.390722
vn 0.826305 -0.241694 -0.508728
vn 0.754283 -0.22446 -0.616988
vn 0.669545 -0.206052 -0.71362
vn 0.5739 -0.187744 -0.797114
vn 0.469294 -0.17079 -0.866368
vn 0.357695 -0.156324 -0.920661
vn 0.241004 -0.145292 -0.959587
vn 0.121015 -0.138401 -0.982955
vn -0.00059545 -0.136083 -0.990697
vn -0.12221 -0.138483 -0.982796
vn -0.242212 -0.145453 -0.959258
vn -0.358915 -0.156555 -0.920147
vn -0.470518 -0.17108 -0.865647
vn -0.575107 -0.188077 -0.796166
vn -0.670702 -0.206405 -0.71243
vn -0.75535 -0.22481 -0.615554
vn -0.827234 -0.242015 -0.507062
vn -0.884782 -0.256814 -0.388853
vn -0.92674 -0.268174 -0.263128
vn -0.952211 -0.275299 -0.132304
vn -0.960917 -0.276833 0.000989993
vn -0.95442 -0.275915 0.113816
vn -0.935703 -0.270727 0.226203
vn -0.904057 -0.262358 0.337415
vn -0.858805 -0.2512 0.446489
vn -0.799189 -0.237823 0.55203
vn -0.724567 -0.222985 0.652135
vn -0.634658 -0.207621 0.744381
vn -0.529796 -0.192809 0.825918
vn -0.411168 -0.179693 0.893673
vn -0.280959 -0.169379 0.944655
vn -0.142342 -0.162793 0.976339
vn -0.0721112 -0.173612 0.98217
vn 0.071767 -0.226955 0.971257
vn 0.144361 -0.24261 0.959323
vn 0.282762 -0.248188 0.926525
vn 0.411999 -0.256837 0.874238
vn 0.528813 -0.267759 0.805396
vn 0.631137 -0.28002 0.723363
vn 0.718046 -0.292667 0.631471
vn 0.789522 -0.304822 0.532672
vn 0.846148 -0.315728 0.42936
vn 0.88881 -0.324785 0.323314
vn 0.918439 -0.331542 0.215753
vn 0.935823 -0.335694 0.107444
vn 0.941191 -0.337872 -0.00125364
vn 0.933333 -0.334787 -0.129642
vn 0.909321 -0.32823 -0.255735
vn 0.869765 -0.31781 -0.377499
vn 0.815236 -0.304203 -0.492799
vn 0.746594 -0.288307 -0.599563
vn 0.665014 -0.271196 -0.695851
vn 0.571968 -0.254042 -0.779946
vn 0.469173 -0.238032 -0.850422
vn 0.358516 -0.224279 -0.906182
vn 0.241962 -0.213737 -0.946452
vn 0.121497 -0.207133 -0.970739
vn -0.000914465 -0.204922 -0.978778
vn -0.123323 -0.207254 -0.970483
vn -0.243778 -0.213971 -0.945933
vn -0.360307 -0.224613 -0.905388
vn -0.470918 -0.238445 -0.849341
vn -0.573635 -0.254507 -0.778569
vn -0.666563 -0.271683 -0.694177
vn -0.747979 -0.288783 -0.597605
vn -0.816411 -0.304632 -0.490584
vn -0.870688 -0.318163 -0.375066
vn -0.909957 -0.32848 -0.253137
vn -0.933658 -0.334917 -0.126942
vn -0.941769 -0.336258 0.00125127
vn -0.935591 -0.335597 0.10974
vn -0.917974 -0.331353 0.218009
vn -0.888111 -0.324513 0.325501
vn -0.845214 -0.315389 0.431444
vn -0.788355 -0.304434 0.534618
vn -0.716656 -0.292256 0.633238
vn -0.629538 -0.279612 0.724913
vn -0.527028 -0.267384 0.806689
vn -0.410061 -0.256524 0.87524
vn -0.280709 -0.247963 0.927209
vn -0.142237 -0.242492 0.95967
vn -0.0721888 -0.253516 0.964634
vn 0.0714762 -0.306757 0.9491
vn 0.143887 -0.32205 0.935725
vn 0.281088 -0.326246 0.902526
vn 0.408581 -0.332739 0.84991
vn 0.523082 -0.340932 0.781122
vn 0.622663 -0.350129 0.699785
vn 0.706634 -0.359624 0.609376
vn 0.775231 -0.368757 0.51287
vn 0.829262 -0.376962 0.412583
vn 0.869776 -0.383783 0.310162
vn 0.897811 -0.388873 0.20667
vn 0.914214 -0.391998 0.102718
vn 0.919201 -0.393786 -0.00150397
vn 0.911907 -0.391017 -0.124628
vn 0.889458 -0.385282 -0.24581
vn 0.852334 -0.376149 -0.36337
vn 0.800843 -0.364172 -0.475426
vn 0.735518 -0.350099 -0.580038
vn 0.657184 -0.334848 -0.675267
vn 0.566996 -0.319449 -0.759255
vn 0.466434 -0.304978 -0.830318
vn 0.35727 -0.292471 -0.887028
vn 0.241494 -0.282838 -0.928269
vn 0.121246 -0.276789 -0.953251
vn -0.00124982 -0.274774 -0.961508
vn -0.123733 -0.276941 -0.952887
vn -0.243941 -0.283132 -0.927539
vn -0.359647 -0.292888 -0.885929
vn -0.468704 -0.305489 -0.828851
vn -0.569115 -0.320019 -0.757427
vn -0.659109 -0.335437 -0.673095
vn -0.737201 -0.350667 -0.577552
vn -0.802244 -0.364681 -0.472666
vn -0.853416 -0.376564 -0.360389
vn -0.890195 -0.385574 -0.242664
vn -0.912279 -0.391168 -0.121382
vn -0.919857 -0.392252 0.0014999
vn -0.913945 -0.391891 0.105477
vn -0.897269 -0.388665 0.209396
vn -0.868953 -0.383483 0.312829
vn -0.828146 -0.376587 0.415158
vn -0.773814 -0.368327 0.515312
vn -0.704911 -0.359166 0.611637
vn -0.62064 -0.349673 0.701808
vn -0.520776 -0.34051 0.782845
vn -0.406027 -0.332385 0.851271
vn -0.278339 -0.325991 0.903469
vn -0.141014 -0.321916 0.936208
vn -0.0716904 -0.333228 0.940117
vn 0.0705674 -0.386238 0.919696
vn 0.142171 -0.401027 0.904967
vn 0.277057 -0.40364 0.87196
vn 0.401939 -0.407696 0.819896
vn 0.513563 -0.412852 0.752201
vn 0.610139 -0.418697 0.672624
vn 0.691161 -0.424795 0.584676
vn 0.757046 -0.430721 0.491284
vn 0.808741 -0.436096 0.394661
vn 0.847386 -0.440599 0.296328
vn 0.874064 -0.443977 0.197222
vn 0.889643 -0.446053 0.0978385
vn 0.894299 -0.447466 -0.00174644
vn 0.887516 -0.445034 -0.119415
vn 0.866472 -0.440228 -0.235425
vn 0.831568 -0.432567 -0.348396
vn 0.782915 -0.422487 -0.456671
vn 0.720792 -0.410593 -0.558456
vn 0.645736 -0.397634 -0.651853
vn 0.558623 -0.384475 -0.734928
vn 0.460704 -0.372038 -0.805816
vn 0.353616 -0.361233 -0.862825
vn 0.239338 -0.352878 -0.904541
vn 0.12012 -0.347624 -0.929908
vn -0.0016028 -0.345884 -0.938276
vn -0.123301 -0.347798 -0.929427
vn -0.242444 -0.353213 -0.903582
vn -0.356597 -0.361704 -0.861399
vn -0.463506 -0.372612 -0.803942
vn -0.561195 -0.38511 -0.732632
vn -0.648031 -0.398286 -0.649172
vn -0.722765 -0.411217 -0.555438
vn -0.784532 -0.423042 -0.453371
vn -0.832802 -0.433016 -0.344876
vn -0.867304 -0.440543 -0.231745
vn -0.887935 -0.445196 -0.115639
vn -0.895042 -0.445978 0.00174018
vn -0.889337 -0.445947 0.101046
vn -0.873445 -0.443771 0.200404
vn -0.846438 -0.440302 0.299462
vn -0.807445 -0.435724 0.397715
vn -0.75538 -0.430295 0.494214
vn -0.689107 -0.42434 0.587424
vn -0.607689 -0.418245 0.675118
vn -0.510729 -0.412435 0.754356
vn -0.398758 -0.407347 0.821621
vn -0.273597 -0.403388 0.873168
vn -0.138527 -0.400894 0.90559
vn -0.0705386 -0.412537 0.908206
vn 0.0689579 -0.465096 0.88257
vn 0.139049 -0.47924 0.866599
vn 0.270375 -0.480195 0.834452
vn 0.391694 -0.481717 0.783916
vn 0.499838 -0.483742 0.71844
vn 0.593135 -0.486162 0.641746
vn 0.671196 -0.488821 0.55727
vn 0.73453 -0.491528 0.467831
vn 0.784136 -0.49408 0.37552
vn 0.82117 -0.496285 0.281747
vn 0.846711 -0.497974 0.187356
vn 0.86161 -0.49902 0.0927768
vn 0.865975 -0.500083 -0.00198648
vn 0.859657 -0.497995 -0.113977
vn 0.839868 -0.494176 -0.224527
vn 0.806977 -0.488091 -0.3325
vn 0.760961 -0.480071 -0.436429
vn 0.701913 -0.470582 -0.534669
vn 0.630154 -0.460206 -0.625393
vn 0.546327 -0.449629 -0.706654
vn 0.451484 -0.439592 -0.77648
vn 0.347121 -0.430842 -0.832996
vn 0.23517 -0.424058 -0.874568
vn 0.117944 -0.419789 -0.899926
vn -0.00197373 -0.418387 -0.908267
vn -0.121853 -0.419972 -0.89932
vn -0.238965 -0.424409 -0.873369
vn -0.350727 -0.431334 -0.831229
vn -0.454835 -0.440188 -0.774183
vn -0.549362 -0.450284 -0.703878
vn -0.632824 -0.460874 -0.622197
vn -0.704179 -0.471217 -0.531118
vn -0.762795 -0.480633 -0.432592
vn -0.808362 -0.488544 -0.328444
vn -0.840795 -0.494494 -0.220318
vn -0.860122 -0.498158 -0.109677
vn -0.866824 -0.49861 0.00197748
vn -0.861264 -0.498925 0.0964271
vn -0.846008 -0.497789 0.190987
vn -0.820088 -0.496021 0.285339
vn -0.782646 -0.493752 0.379043
vn -0.7326 -0.491154 0.471237
vn -0.668795 -0.488426 0.560493
vn -0.590244 -0.485773 0.644699
vn -0.496462 -0.483386 0.721016
vn -0.387871 -0.48142 0.785997
vn -0.266185 -0.479982 0.83592
vn -0.134616 -0.479129 0.86736
vn -0.068648 -0.491087 0.868401
vn 0.0665569 -0.542858 0.837183
vn 0.134344 -0.556224 0.820102
vn 0.260711 -0.555589 0.789525
vn 0.377396 -0.554692 0.741545
vn 0.481364 -0.553738 0.679458
vn 0.571035 -0.552903 0.606809
vn 0.646062 -0.552299 0.526849
vn 0.706949 -0.551955 0.442232
vn 0.754659 -0.551835 0.354918
vn 0.790297 -0.551866 0.266223
vn 0.814885 -0.551957 0.176936
vn 0.829223 -0.552033 0.0874593
vn 0.83332 -0.552786 -0.00222878
vn 0.827435 -0.551032 -0.108237
vn 0.808769 -0.548215 -0.212962
vn 0.777715 -0.543734 -0.315455
vn 0.734167 -0.53783 -0.414412
vn 0.678102 -0.530839 -0.508318
vn 0.609689 -0.523187 -0.595445
vn 0.529404 -0.515374 -0.673885
vn 0.438133 -0.507949 -0.741638
vn 0.337244 -0.501465 -0.796743
vn 0.228599 -0.496436 -0.837433
vn 0.114511 -0.493274 -0.862304
vn -0.00236237 -0.49225 -0.870451
vn -0.119183 -0.493451 -0.861569
vn -0.233112 -0.496774 -0.835987
vn -0.341504 -0.501938 -0.794628
vn -0.442055 -0.508519 -0.738915
vn -0.532921 -0.515999 -0.670627
vn -0.612751 -0.523822 -0.591732
vn -0.680676 -0.531442 -0.504232
vn -0.736233 -0.538361 -0.410035
vn -0.779264 -0.544161 -0.310863
vn -0.8098 -0.548514 -0.208221
vn -0.82795 -0.551185 -0.103411
vn -0.834307 -0.551296 0.00221633
vn -0.828829 -0.55196 0.0915543
vn -0.814083 -0.551817 0.181016
vn -0.789061 -0.551667 0.270271
vn -0.752952 -0.551591 0.358901
vn -0.704728 -0.551682 0.4461
vn -0.643286 -0.552017 0.530528
vn -0.567676 -0.552632 0.610198
vn -0.477421 -0.553496 0.68243
vn -0.372909 -0.554497 0.743957
vn -0.255774 -0.555452 0.791235
vn -0.129108 -0.556154 0.82099
vn -0.0659269 -0.56834 0.820149
vn 0.0632737 -0.618835 0.782969
vn 0.127875 -0.631293 0.76493
vn 0.247718 -0.629296 0.736629
vn 0.358535 -0.626324 0.692222
vn 0.457479 -0.6228 0.634692
vn 0.543033 -0.619141 0.567256
vn 0.614818 -0.615684 0.492881
vn 0.673243 -0.612655 0.414002
vn 0.719152 -0.610169 0.332437
vn 0.753526 -0.608265 0.249425
vn 0.777282 -0.606932 0.16573
vn 0.791144 -0.60614 0.0817658
vn 0.794977 -0.606635 -0.00247723
vn 0.789509 -0.605193 -0.102063
vn 0.771872 -0.603347 -0.200465
vn 0.742534 -0.600422 -0.296878
vn 0.701354 -0.59658 -0.390121
vn 0.648255 -0.592041 -0.478804
vn 0.583323 -0.587084 -0.561308
vn 0.506933 -0.582033 -0.635812
vn 0.419854 -0.577241 -0.700368
vn 0.32334 -0.573066 -0.753025
vn 0.219165 -0.569835 -0.791994
vn 0.109585 -0.567813 -0.81583
vn -0.0027659 -0.567172 -0.823595
vn -0.115047 -0.567967 -0.814971
vn -0.224427 -0.570129 -0.790307
vn -0.328283 -0.573477 -0.75057
vn -0.424378 -0.577737 -0.697226
vn -0.510963 -0.582576 -0.632078
vn -0.586808 -0.587635 -0.557083
vn -0.651165 -0.592563 -0.474187
vn -0.703677 -0.59704 -0.385204
vn -0.744268 -0.600792 -0.291743
vn -0.773023 -0.603605 -0.195184
vn -0.790082 -0.605326 -0.096698
vn -0.796146 -0.6051 0.00246046
vn -0.790691 -0.6061 0.0863159
vn -0.776361 -0.606855 0.170267
vn -0.752104 -0.60816 0.253929
vn -0.717188 -0.610048 0.336873
vn -0.670687 -0.612528 0.418315
vn -0.611623 -0.615565 0.496988
vn -0.539164 -0.619039 0.571045
vn -0.452934 -0.622721 0.638019
vn -0.35336 -0.626271 0.694925
vn -0.242022 -0.629265 0.738546
vn -0.121833 -0.631279 0.765926
vn -0.0622878 -0.643521 0.76289
vn 0.0590251 -0.692076 0.719407
vn 0.119476 -0.703499 0.700581
vn 0.231052 -0.700518 0.675196
vn 0.334569 -0.696033 0.635297
vn 0.42742 -0.690605 0.583418
vn 0.50814 -0.684813 0.522327
vn 0.576256 -0.67916 0.454611
vn 0.632007 -0.674023 0.382439
vn 0.676039 -0.669651 0.30747
vn 0.709151 -0.666185 0.230872
vn 0.732108 -0.663691 0.153405
vn 0.745519 -0.662191 0.0755244
vn 0.749063 -0.662494 -0.00273621
vn 0.744021 -0.66133 -0.0952586
vn 0.727373 -0.660371 -0.186648
vn 0.699716 -0.65887 -0.276202
vn 0.660919 -0.656915 -0.362834
vn 0.610905 -0.654626 -0.445264
vn 0.549745 -0.652149 -0.521998
vn 0.477772 -0.64965 -0.591345
vn 0.395691 -0.647302 -0.651482
vn 0.304664 -0.645275 -0.700571
vn 0.206356 -0.643722 -0.736912
vn 0.102904 -0.642763 -0.759122
vn -0.00317975 -0.642475 -0.7663
vn -0.109181 -0.642879 -0.758147
vn -0.212392 -0.643944 -0.735001
vn -0.31032 -0.645585 -0.697797
vn -0.400852 -0.647677 -0.647945
vn -0.482355 -0.650062 -0.587157
vn -0.553695 -0.652569 -0.517277
vn -0.614193 -0.655025 -0.440123
vn -0.663537 -0.657267 -0.357376
vn -0.701667 -0.659154 -0.270516
vn -0.728666 -0.660571 -0.18081
vn -0.744665 -0.661433 -0.0893341
vn -0.750474 -0.660895 0.00271393
vn -0.744992 -0.662193 0.0805454
vn -0.731036 -0.663697 0.158408
vn -0.707502 -0.666201 0.235833
vn -0.673766 -0.669684 0.312349
vn -0.629058 -0.674079 0.387174
vn -0.572582 -0.679241 0.45911
vn -0.503708 -0.684917 0.526466
vn -0.422234 -0.690723 0.587044
vn -0.328684 -0.696149 0.638235
vn -0.224593 -0.700611 0.677275
vn -0.112636 -0.703552 0.701661
vn -0.057654 -0.715588 0.696139
vn 0.0537459 -0.761349 0.646111
vn 0.109017 -0.771599 0.626698
vn 0.210424 -0.768124 0.604737
vn 0.304985 -0.762861 0.570112
vn 0.390393 -0.756408 0.524825
vn 0.465242 -0.749406 0.471105
vn 0.528942 -0.742444 0.411094
vn 0.581508 -0.735994 0.346642
vn 0.623336 -0.730402 0.279222
vn 0.654986 -0.725896 0.209926
vn 0.677026 -0.722614 0.139517
vn 0.689926 -0.720631 0.0685065
vn 0.693116 -0.72082 -0.0030071
vn 0.688546 -0.719888 -0.0875547
vn 0.672926 -0.719677 -0.170984
vn 0.647045 -0.71937 -0.252665
vn 0.610819 -0.718993 -0.331585
vn 0.56422 -0.718581 -0.406567
vn 0.507359 -0.718168 -0.476257
vn 0.440583 -0.717787 -0.539136
vn 0.364571 -0.717463 -0.593578
vn 0.280413 -0.717212 -0.637946
vn 0.18964 -0.717042 -0.670736
vn 0.0942083 -0.716956 -0.690724
vn -0.00359557 -0.71695 -0.697116
vn -0.101306 -0.717022 -0.689649
vn -0.196465 -0.717171 -0.668631
vn -0.286807 -0.717393 -0.634893
vn -0.370407 -0.717684 -0.589686
vn -0.445765 -0.718032 -0.534531
vn -0.511827 -0.71842 -0.471069
vn -0.567941 -0.718823 -0.400919
vn -0.613783 -0.719209 -0.32559
vn -0.649255 -0.719545 -0.246421
vn -0.67439 -0.719801 -0.164574
vn -0.689275 -0.719952 -0.0810496
vn -0.694846 -0.719153 0.00297764
vn -0.689304 -0.720681 0.0740165
vn -0.675765 -0.722715 0.144996
vn -0.653053 -0.72605 0.215343
vn -0.620688 -0.730609 0.284529
vn -0.578095 -0.736252 0.351766
vn -0.52472 -0.742743 0.415934
vn -0.46019 -0.74973 0.475531
vn -0.384525 -0.756731 0.528677
vn -0.298373 -0.76315 0.573215
vn -0.203208 -0.768343 0.606923
vn -0.101404 -0.771717 0.627829
vn -0.0519711 -0.783205 0.619587
vn 0.0474009 -0.825124 0.562959
vn 0.0964353 -0.834047 0.5432
vn 0.185655 -0.830616 0.524985
vn 0.269389 -0.825387 0.496151
vn 0.345686 -0.818901 0.458151
vn 0.413239 -0.811763 0.412644
vn 0.471352 -0.804549 0.361287
vn 0.519816 -0.797758 0.305572
vn 0.558745 -0.791781 0.246751
vn 0.588434 -0.786903 0.185817
vn 0.609225 -0.783318 0.123523
vn 0.621419 -0.781144 0.0604332
vn 0.624141 -0.781305 -0.00328865
vn 0.620129 -0.780551 -0.078617
vn 0.605691 -0.780886 -0.152823
vn 0.581872 -0.78144 -0.225335
vn 0.548658 -0.782194 -0.295206
vn 0.506106 -0.783114 -0.361372
vn 0.454403 -0.784152 -0.422638
vn 0.393947 -0.785246 -0.477698
vn 0.325415 -0.786316 -0.525179
vn 0.24982 -0.787276 -0.563725
vn 0.168536 -0.788041 -0.592104
vn 0.0832719 -0.788536 -0.609325
vn -0.00400169 -0.788712 -0.61475
vn -0.091175 -0.78855 -0.608174
vn -0.176145 -0.788069 -0.589848
vn -0.256964 -0.787317 -0.560448
vn -0.331952 -0.786368 -0.520992
vn -0.399771 -0.785307 -0.472732
vn -0.459442 -0.784219 -0.417029
vn -0.510318 -0.783182 -0.355249
vn -0.552025 -0.782257 -0.288691
vn -0.584389 -0.781494 -0.218534
vn -0.607364 -0.780924 -0.14583
vn -0.620963 -0.780571 -0.0715131
vn -0.626275 -0.779595 0.0032495
vn -0.62068 -0.781244 0.0664467
vn -0.607731 -0.783516 0.129486
vn -0.586157 -0.787196 0.191684
vn -0.555649 -0.79216 0.252461
vn -0.515862 -0.79821 0.311041
vn -0.466514 -0.805053 0.366407
vn -0.407513 -0.812287 0.417281
vn -0.339109 -0.819405 0.462147
vn -0.262052 -0.825824 0.499343
vn -0.17771 -0.83094 0.527218
vn -0.0880962 -0.834219 0.54435
vn -0.0452225 -0.844753 0.533243
vn 0.0400058 -0.881631 0.47024
vn 0.0817721 -0.889041 0.450466
vn 0.156767 -0.886138 0.436099
vn 0.227654 -0.881693 0.413269
vn 0.292881 -0.876121 0.382927
vn 0.351304 -0.869902 0.346201
vn 0.402183 -0.863523 0.304264
vn 0.445124 -0.857426 0.258233
vn 0.479995 -0.851985 0.209109
vn 0.506827 -0.847492 0.157743
vn 0.525734 -0.844163 0.104845
vn 0.536841 -0.84214 0.0510054
vn 0.538919 -0.84235 -0.00357432
vn 0.535604 -0.841721 -0.068074
vn 0.522662 -0.842345 -0.131455
vn 0.501439 -0.843344 -0.193211
vn 0.472007 -0.844667 -0.25248
vn 0.434517 -0.846244 -0.308329
vn 0.389244 -0.847979 -0.359751
vn 0.336636 -0.849761 -0.405687
vn 0.277361 -0.851464 -0.445061
vn 0.212336 -0.85296 -0.476837
vn 0.142734 -0.854125 -0.500098
vn 0.0699658 -0.854861 -0.514118
vn -0.00438102 -0.855103 -0.51844
vn -0.0786254 -0.854829 -0.512919
vn -0.151092 -0.854064 -0.497741
vn -0.220213 -0.852876 -0.473401
vn -0.284606 -0.851366 -0.440653
vn -0.343128 -0.849657 -0.400433
vn -0.394895 -0.847877 -0.353784
vn -0.43927 -0.84615 -0.301781
vn -0.475827 -0.844588 -0.245479
vn -0.504309 -0.843282 -0.185873
vn -0.524575 -0.842302 -0.123885
vn -0.536561 -0.8417 -0.0603695
vn -0.541539 -0.840668 0.00352132
vn -0.53596 -0.842281 0.0575231
vn -0.523962 -0.844441 0.111283
vn -0.504146 -0.847897 0.164037
vn -0.476384 -0.852499 0.215182
vn -0.440567 -0.858026 0.263992
vn -0.396679 -0.864175 0.309592
vn -0.344878 -0.870564 0.350967
vn -0.285595 -0.876742 0.386987
vn -0.21962 -0.882221 0.416476
vn -0.148148 -0.886524 0.438324
vn -0.0727801 -0.889244 0.451606
vn -0.0374505 -0.898389 0.4376
vn 0.0316438 -0.928953 0.368842
vn 0.0652258 -0.93463 0.349589
vn 0.124095 -0.932581 0.33896
vn 0.180126 -0.929434 0.322035
vn 0.232183 -0.925456 0.299371
vn 0.279346 -0.920962 0.271651
vn 0.320925 -0.91629 0.239625
vn 0.356445 -0.911762 0.20405
vn 0.385607 -0.907671 0.165654
vn 0.408247 -0.904257 0.125112
vn 0.42429 -0.901711 0.0830381
vn 0.43371 -0.900164 0.0399899
vn 0.434921 -0.90046 -0.00385007
vn 0.43248 -0.899927 -0.0556132
vn 0.421527 -0.900563 -0.106305
vn 0.40372 -0.901567 -0.15552
vn 0.379199 -0.902881 -0.20252
vn 0.348188 -0.904425 -0.246539
vn 0.311017 -0.906102 -0.286789
vn 0.268148 -0.907801 -0.32248
vn 0.220194 -0.909404 -0.352844
vn 0.167932 -0.910793 -0.377168
vn 0.112294 -0.911862 -0.39484
vn 0.0543546 -0.912526 -0.405391
vn -0.00471244 -0.912733 -0.40853
vn -0.063679 -0.912465 -0.404169
vn -0.121322 -0.911744 -0.392432
vn -0.176482 -0.91063 -0.373641
vn -0.228107 -0.909208 -0.348294
vn -0.275289 -0.907587 -0.31702
vn -0.317281 -0.905885 -0.280544
vn -0.353497 -0.90422 -0.239639
vn -0.383496 -0.902701 -0.195095
vn -0.406968 -0.901423 -0.147695
vn -0.423703 -0.900463 -0.0981983
vn -0.433571 -0.899875 -0.0473413
vn -0.438055 -0.89894 0.00377524
vn -0.432672 -0.900326 0.0469831
vn -0.422212 -0.902027 0.0899144
vn -0.405128 -0.904712 0.131786
vn -0.38145 -0.90824 0.172032
vn -0.351264 -0.912415 0.210028
vn -0.314752 -0.916986 0.245087
vn -0.27224 -0.921655 0.276473
vn -0.224236 -0.926095 0.303426
vn -0.171467 -0.929969 0.325203
vn -0.114893 -0.932966 0.341137
vn -0.0556833 -0.934832 0.350698
vn -0.0287774 -0.942173 0.33389
vn 0.0224934 -0.965202 0.260537
vn 0.0472555 -0.968889 0.242943
vn 0.0885203 -0.967767 0.235778
vn 0.128014 -0.966051 0.224405
vn 0.164997 -0.963872 0.20911
vn 0.198821 -0.961391 0.190258
vn 0.228947 -0.958785 0.168269
vn 0.254943 -0.956234 0.143597
vn 0.276476 -0.953908 0.116709
vn 0.293304 -0.951953 0.0880756
vn 0.305258 -0.950492 0.0581589
vn 0.312231 -0.949611 0.0274112
vn 0.312385 -0.949947 -0.00409665
vn 0.310965 -0.949528 -0.0412088
vn 0.302626 -0.949963 -0.0773799
vn 0.289244 -0.950638 -0.112361
vn 0.270983 -0.95151 -0.145589
vn 0.248078 -0.952524 -0.176509
vn 0.220845 -0.953612 -0.204576
vn 0.189685 -0.954702 -0.229269
vn 0.155089 -0.955717 -0.250104
vn 0.117635 -0.956587 -0.266652
vn 0.0779814 -0.957247 -0.27856
vn 0.0368546 -0.957651 -0.285564
vn -0.00497293 -0.957766 -0.287505
vn -0.0467043 -0.957585 -0.284339
vn -0.0875465 -0.957122 -0.276139
vn -0.126737 -0.956411 -0.263091
vn -0.163564 -0.955503 -0.24548
vn -0.197389 -0.954465 -0.223683
vn -0.227654 -0.95337 -0.198141
vn -0.253892 -0.952292 -0.169348
vn -0.275722 -0.951304 -0.137831
vn -0.292847 -0.950471 -0.104138
vn -0.305051 -0.949846 -0.0688254
vn -0.312184 -0.949467 -0.0324558
vn -0.315889 -0.948788 0.00398028
vn -0.311041 -0.949759 0.0348071
vn -0.302886 -0.95078 0.0653993
vn -0.28977 -0.952364 0.0950546
vn -0.271811 -0.954417 0.123318
vn -0.249194 -0.95681 0.149723
vn -0.222183 -0.95939 0.1738
vn -0.191132 -0.961983 0.195082
vn -0.1565 -0.964411 0.21312
vn -0.118853 -0.966496 0.227506
vn -0.0788643 -0.968085 0.237892
vn -0.0372932 -0.969054 0.244015
vn -0.0194623 -0.974235 0.224696
vn 0.0129205 -0.988746 0.149045
vn 0.029157 -0.990074 0.137491
vn 0.0526256 -0.98967 0.133357
vn 0.0751431 -0.989064 0.12691
vn 0.0963124 -0.988299 0.118276
vn 0.115769 -0.987428 0.107624
vn 0.133187 -0.986513 0.095153
vn 0.148284 -0.985614 0.0810926
vn 0.160826 -0.984794 0.0656919
vn 0.170622 -0.984107 0.0492162
vn 0.177529 -0.983597 0.0319416
vn 0.181448 -0.983299 0.0141521
vn 0.180866 -0.983498 -0.004313
vn 0.180127 -0.983304 -0.0258374
vn 0.174885 -0.983482 -0.0466726
vn 0.166676 -0.983751 -0.0667371
vn 0.155628 -0.984092 -0.0856949
vn 0.141914 -0.984482 -0.103223
vn 0.125753 -0.984896 -0.119017
vn 0.107409 -0.985306 -0.132799
vn 0.0871882 -0.985682 -0.144321
vn 0.0654344 -0.986 -0.153369
vn 0.0425245 -0.986237 -0.159777
vn 0.0188603 -0.986376 -0.163422
vn -0.00513909 -0.986408 -0.164236
vn -0.0290467 -0.98633 -0.162202
vn -0.0524383 -0.986148 -0.157361
vn -0.0749009 -0.985875 -0.149803
vn -0.0960425 -0.985529 -0.139671
vn -0.1155 -0.985135 -0.127153
vn -0.132945 -0.984721 -0.112476
vn -0.148089 -0.984313 -0.0959039
vn -0.160687 -0.98394 -0.0777256
vn -0.170539 -0.983627 -0.0582538
vn -0.177493 -0.983395 -0.0378178
vn -0.181441 -0.983259 -0.0167584
vn -0.183701 -0.982974 0.00407591
vn -0.180144 -0.983398 0.0218204
vn -0.174939 -0.98379 0.0394247
vn -0.166783 -0.98438 0.0563918
vn -0.155792 -0.98513 0.0724409
vn -0.142132 -0.985991 0.0872995
vn -0.126009 -0.986904 0.100708
vn -0.107682 -0.987808 0.112427
vn -0.0874499 -0.988641 0.122237
vn -0.0656564 -0.989344 0.129951
vn -0.042681 -0.989869 0.13542
vn -0.0189329 -0.990177 0.138533
vn -0.0103812 -0.992779 0.119509
vn 0.00520636 -0.998189 0.0599354
vn 0.0155294 -0.998143 0.0589072
vn 0.0255845 -0.998054 0.0568688
vn 0.0351989 -0.997928 0.0538558
vn 0.0442076 -0.997774 0.0499207
vn 0.052456 -0.997603 0.045132
vn 0.0598039 -0.997425 0.0395726
vn 0.0661266 -0.997254 0.0333385
vn 0.0713172 -0.997101 0.0265367
vn 0.0752882 -0.996975 0.0192835
vn 0.077973 -0.996887 0.0117026
vn 0.0793267 -0.996841 0.00392307
vn 0.0793264 -0.996838 -0.00464579
vn 0.0779708 -0.996859 -0.013858
vn 0.0752825 -0.996901 -0.022834
vn 0.071307 -0.996959 -0.0314206
vn 0.0661118 -0.997031 -0.0394711
vn 0.0597851 -0.997111 -0.0468477
vn 0.0524345 -0.997194 -0.053424
vn 0.0441852 -0.997274 -0.059087
vn 0.0351784 -0.997346 -0.0637393
vn 0.0255679 -0.997405 -0.0673008
vn 0.0155186 -0.997447 -0.0697099
vn 0.00520254 -0.997468 -0.0709249
vn -0.00520265 -0.997468 -0.0709249
vn -0.0155184 -0.997447 -0.0697099
vn -0.025568 -0.997405 -0.0673008
vn -0.0351784 -0.997346 -0.0637393
vn -0.0441853 -0.997275 -0.059087
vn -0.0524345 -0.997194 -0.0534239
vn -0.0597851 -0.997111 -0.0468476
vn -0.0661119 -0.997031 -0.039471
vn -0.0713071 -0.996959 -0.0314205
vn -0.0752825 -0.996901 -0.0228339
vn -0.0779708 -0.996859 -0.013858
vn -0.0793265 -0.996838 -0.00464574
vn -0.0793267 -0.996841 0.00392312
vn -0.077973 -0.996887 0.0117026
vn -0.0752881 -0.996975 0.0192835
vn -0.0713172 -0.997101 0.0265367
vn -0.0661267 -0.997254 0.0333386
vn -0.059804 -0.997425 0.0395727
vn -0.052456 -0.997603 0.0451321
vn -0.0442074 -0.997774 0.0499207
vn -0.0351989 -0.997928 0.0538557
vn -0.0255844 -0.998054 0.0568688
vn -0.0155293 -0.998143 0.0589072
vn -0.00520632 -0.998189 0.0599354
vn 0 0.998202 -0.0599363
f 1/1/1 50/50/50 2/2/2
f 2/2/2 50/50/50 51/51/51
f 2/2/2 51/51/51 3/3/3
f 3/3/3 51/51/51 52/52/52
f 3/3/3 52/52/52 4/4/4
f 4/4/4 52/52/52 53/53/53
f 4/4/4 53/53/53 5/5/5
f 5/5/5 53/53/53 54/54/54
f 5/5/5 54/54/54 6/6/6
f 6/6/6 54/54/54 55/55/55
f 6/6/6 55/55/55 7/7/7
f 7/7/7 55/55/55 56/56/56
f 7/7/7 56/56/56 8/8/8
f 8/8/8 56/56/56 57/57/57
f 8/8/8 57/57/57 9/9/9
f 9/9/9 57/57/57 58/58/58
f 9/9/9 58/58/58 10/10/10
f 10/10/10 58/58/58 59/59/59
f 10/10/10 59/59/59 11/11/11
f 11/11/11 59/59/59 60/60/60
f 11/11/11 60/60/60 12/12/12
f 12/12/12 60/60/60 61/61/61
f 12/12/12 61/61/61 13/13/13
f 13/13/13 61/61/61 62/62/62
f 13/13/13 62/62/62 14/14/14
f 14/14/14 62/62/62 63/63/63
f 14/14/14 63/63/63 15/15/15
f 15/15/15 63/63/63 64/64/64
f 15/15/15 64/64/64 16/16/16
f 16/16/16 64/64/64 65/65/65
f 16/16/16 65/65/65 17/17/17
f 17/17/17 65/65/65 66/66/66
f 17/17/17 66/66/66 18/18/18
f 18/18/18 66/66/66 67/67/67
f 18/18/18 67/67/67 19/19/19
f 19/19/19 67/67/67 68/68/68
f 19/19/19 68/68/68 20/20/20
f 20/20/20 68/68/68 69/69/69
f 20/20/20 69/69/69 21/21/21
f 21/21/21 69/69/69 70/70/70
f 21/21/21 70/70/70 22/22/22
f 22/22/22 70/70/70 71/71/71
f 22/22/22 71/71/71 23/23/23
f 23/23/23 71/71/71 72/72/72
f 23/23/23 72/72/72 24/24/24
f 24/24/24 72/72/72 73/73/73
f 24/24/24 73/73/73 25/25/25
f 25/25/25 73/73/73 74/74/74
f 25/25/25 74/74/74 26/26/26
f 26/26/26 74/74/74 75/75/75
f 26/26/26 75/75/75 27/27/27
f 27/27/27 75/75/75 76/76/76
f 27/27/27 76/76/76 28/28/28
f 28/28/28 76/76/76 77/77/77
f 28/28/28 77/77/77 29/29/29
f 29/29/29 77/77/77 78/78/78
f 29/29/29 78/78/78 30/30/30
f 30/30/30 78/78/78 79/79/79
f 30/30/30 79/79/79 31/31/31
f 31/31/31 79/79/79 80/80/80
f 31/31/31 80/80/80 32/32/32
f 32/32/32 80/80/80 81/81/81
f 32/32/32 81/81/81 33/33/33
f 33/33/33 81/81/81 82/82/82
f 33/33/33 82/82/82 34/34/34
f 34/34/34 82/82/82 83/83/83
f 34/34/34 83/83/83 35/35/35
f 35/35/35 83/83/83 84/84/84
f 35/35/35 84/84/84 36/36/36
f 36/36/36 84/84/84 85/85/85
f 36/36/36 85/85/85 37/37/37
f 37/37/37 85/85/85 86/86/86
f 37/37/37 86/86/86 38/38/38
f 38/38/38 86/86/86 87/87/87
f 38/38/38 87/87/87 39/39/39
f 39/39/39 87/87/87 88/88/88
f 39/39/39 88/88/88 40/40/40
f 40/40/40 88/88/88 89/89/89
f 40/40/40 89/89/89 41/41/41
f 41/41/41 89/89/89 90/90/90
f 41/41/41 90/90/90 42/42/42
f 42/42/42 90/90/90 91/91/91
f 42/42/42 91/91/91 43/43/43
f 43/43/43 91/91/91 92/92/92
f 43/43/43 92/92/92 44/44/44
f 44/44/44 92/92/92 93/93/93
f 44/44/44 93/93/93 45/45/45
f 45/45/45 93/93/93 94/94/94
f 45/45/45 94/94/94 46/46/46
f 46/46/46 94/94/94 95/95/95
f 46/46/46 95/95/95 47/47/47
f 47/47/47 95/95/95 96/96/96
f 47/47/47 96/96/96 48/48/48
f 48/48/48 96/96/96 97/97/97
f 48/48/48 97/97/97 49/49/49
f 49/49/49 97/97/97 98/98/98
f 50/50/50 99/99/99 51/51/51
f 51/51/51 99/99/99 100/100/100
f 51/51/51 100/100/100 52/52/52
f 52/52/52 100/100/100 101/101/101
f 52/52/52 101/101/101 53/53/53
f 53/53/53 101/101/101 102/102/102
f 53/53/53 102/102/102 54/54/54
f 54/54/54 102/102/102 103/103/103
f 54/54/54 103/103/103 55/55/55
f 55/55/55 103/103/103 104/104/104
f 55/55/55 104/104/104 56/56/56
f 56/56/56 104/104/104 105/105/105
f 56/56/56 105/105/105 57/57/57
f 57/57/57 105/105/105 106/106/106
f 57/57/57 106/106/106 58/58/58
f 58/58/58 106/106/106 107/107/107
f 58/58/58 107/107/107 59/59/59
f 59/59/59 107/107/107 108/108/108
f 59/59/59 108/108/108 60/60/60
f 60/60/60 108/108/108 109/109/109
f 60/60/60 109/109/109 61/61/61
f 61/61/61 109/109/109 110/110/110
f 61/61/61 110/110/110 62/62/62
f 62/62/62 110/110/110 111/111/111
f 62/62/62 111/111/111 63/63/63
f 63/63/63 111/111/111 112/112/112
f 63/63/63 112/112/112 64/64/64
f 64/64/64 112/112/112 113/113/113
f 64/64/64 113/113/113 65/65/65
f 65/65/65 113/113/113 114/114/114
f 65/65/65 114/114/114 66/66/66
f 66/66/66 114/114/114 115/115/115
f 66/66/66 115/115/115 67/67/67
f 67/67/67 115/115/115 116/116/116
f 67/67/67 116/116/116 68/68/68
f 68/68/68 116/116/116 117/117/117
f 68/68/68 117/117/117 69/69/69
f 69/69/69 117/117/117 118/118/118
f 69/69/69 118/118/118 70/70/70
f 70/70/70 118/118/118 119/119/119
f 70/70/70 119/119/119 71/71/71
f 71/71/71 119/119/119 120/120/120
f 71/71/71 120/120/120 72/72/72
f 72/72/72 120/120/120 121/121/121
f 72/72/72 121/121/121 73/73/73
f 73/73/73 121/121/121 122/122/122
f 73/73/73 122/122/122 74/74/74
f 74/74/74 122/122/122 123/123/123
f 74/74/74 123/123/123 75/75/75
f 75/75/75 123/123/123 124/124/124
f 75/75/75 124/124/124 76/76/76
f 76/76/76 124/124/124 125/125/125
f 76/76/76 125/125/125 77/77/77
f 77/77/77 125/125/125 126/126/126
f 77/77/77 126/126/126 78/78/78
f 78/78/78 126/126/126 127/127/127
f 78/78/78 127/127/127 79/79/79
f 79/79/79 127/127/127 128/128/128
f 79/79/79 128/128/128 80/80/80
f 80/80/80 128/128/128 129/129/129
f 80/80/80 129/129/129 81/81/81
f 81/81/81 129/129/129 130/130/130
f 81/81/81 130/130/130 82/82/82
f 82/82/82 130/130/130 131/131/131
f 82/82/82 131/131/131 83/83/83
f 83/83/83 131/131/131 132/132/132
f 83/83/83 132/132/132 84/84/84
f 84/84/84 132/132/132 133/133/133
f 84/84/84 133/133/133 85/85/85
f 85/85/85 133/133/133 134/134/134
f 85/85/85 134/134/134 86/86/86
f 86/86/86 134/134/134 135/135/135
f 86/86/86 135/135/135 87/87/87
f 87/87/87 135/135/135 136/136/136
f 87/87/87 136/136/136 88/88/88
f 88/88/88 136/136/136 137/137/137
f 88/88/88 137/137/137 89/89/89
f 89/89/89 137/137/137 138/138/138
f 89/89/89 138/138/138 90/90/90
f 90/90/90 138/138/138 139/139/139
f 90/90/90 139/139/139 91/91/91
f 91/91/91 139/139/139 140/140/140
f 91/91/91 140/140/140 92/92/92
f 92/92/92 140/140/140 141/141/141
f 92/92/92 141/141/141 93/93/93
f 93/93/93 141/141/141 142/142/142
f 93/93/93 142/142/142 94/94/94
f 94/94/94 142/142/142 143/143/143
f 94/94/94 143/143/143 95/95/95
f 95/95/95 143/143/143 144/144/144
f 95/95/95 144/144/144 96/96/96
f 96/96/96 144/144/144 145/145/145
f 96/96/96 145/145/145 97/97/97
f 97/97/97 145/145/145 146/146/146
f 97/97/97 146/146/146 98/98/98
f 98/98/98 146/146/146 147/147/147
f 99/99/99 148/148/148 100/100/100
f 100/100/100 148/148/148 149/149/149
f 100/100/100 149/149/149 101/101/101
f 101/101/101 149/149/149 150/150/150
f 101/101/101 150/150/150 102/102/102
f 102/102/102 150/150/150 151/151/151
f 102/102/102 151/151/151 103/103/103
f 103/103/103 151/151/151 152/152/152
f 103/103/103 152/152/152 104/104/104
f 104/104/104 152/152/152 153/153/153
f 104/104/104 153/153/153 105/105/105
f 105/105/105 153/153/153 154/154/154
f 105/105/105 154/154/154 106/106/106
f 106/106/106 154/154/154 155/155/155
f 106/106/106 155/155/155 107/107/107
f 107/107/107 155/155/155 156/156/156
f 107/107/107 156/156/156 108/108/108
f 108/108/108 156/156/156 157/157/157
f 108/108/108 157/157/157 109/109/109
f 109/109/109 157/157/157 158/158/158
f 109/109/109 158/158/158 110/110/110
f 110/110/110 158/158/158 159/159/159
f 110/110/110 159/159/159 111/111/111
f 111/111/111 159/159/159 160/160/160
f 111/111/111 160/160/160 112/112/112
f 112/112/112 160/160/160 161/161/161
f 112/112/112 161/161/161 113/113/113
f 113/113/113 161/161/161 162/162/162
f 113/113/113 162/162/162 114/114/114
f 114/114/114 162/162/162 163/163/163
f 114/114/114 163/163/163 115/115/115
f 115/115/115 163/163/163 164/164/164
f 115/115/115 164/164/164 116/116/116
f 116/116/116 164/164/164 165/165/165
f 116/116/116 165/165/165 117/117/117
f 117/117/117 165/165/165 166/166/166
f 117/117/117 166/166/166 118/118/118
f 118/118/118 166/166/166 167/167/167
f 118/118/118 167/167/167 119/119/119
f 119/119/119 167/167/167 168/168/168
f 119/119/119 168/168/168 120/120/120
f 120/120/120 168/168/168 169/169/169
f 120/120/120 169/169/169 121/121/121
f 121/121/121 169/169/169 170/170/170
f 121/121/121 170/170/170 122/122/122
f 122/122/122 170/170/170 171/171/171
f 122/122/122 171/171/171 123/123/123
f 123/123/123 171/171/171 172/172/172
f 123/123/123 172/172/172 124/124/124
f 124/124/124 172/172/172 173/173/173
f 124/124/124 173/173/173 125/125/125
f 125/125/125 173/173/173 174/174/174
f 125/125/125 174/174/174 126/126/126
f 126/126/126 174/174/174 175/175/175
f 126/126/126 175/175/175 127/127/127
f 127/127/127 175/175/175 176/176/176
f 127/127/127 176/176/176 128/128/128
f 128/128/128 176/176/176 177/177/177
f 128/128/128 177/177/177 129/129/129
f 129/129/129 177/177/177 178/178/178
f 129/129/129 178/178/178 130/130/130
f 130/130/130 178/178/178 179/179/179
f 130/130/130 179/179/179 131/131/131
f 131/131/131 179/179/179 180/180/180
f 131/131/131 180/180/180 132/132/132
f 132/132/132 180/180/180 181/181/181
f 132/132/132 181/181/181 133/133/133
f 133/133/133 181/181/181 182/182/182
f 133/133/133 182/182/182 134/134/134
f 134/134/134 182/182/182 183/183/183
f 134/134/134 183/183/183 135/135/135
f 135/135/135 183/183/183 184/184/184
f 135/135/135 184/184/184 136/136/136
f 136/136/136 184/184/184 185/185/185
f 136/136/136 185/185/185 137/137/137
f 137/137/137 185/185/185 186/186/186
f 137/137/137 186/186/186 138/138/138
f 138/138/138 186/186/186 187/187/187
f 138/138/138 187/187/187 139/139/139
f 139/139/139 187/187/187 188/188/188
f 139/139/139 188/188/188 140/140/140
f 140/140/140 188/188/188 189/189/189
f 140/140/140 189/189/189 141/141/141
f 141/141/141 189/189/189 190/190/190
f 141/141/141 190/190/190 142/142/142
f 142/142/142 190/190/190 191/191/191
f 142/142/142 191/191/191 143/143/143
f 143/143/143 191/191/191 192/192/192
f 143/143/143 192/192/192 144/144/144
f 144/144/144 192/192/192 193/193/193
f 144/144/144 193/193/193 145/145/145
f 145/145/145 193/193/193 194/194/194
f 145/145/145 194/194/194 146/146/146
f 146/146/146 194/194/194 195/195/195
f 146/146/146 195/195/195 147/147/147
f 147/147/147 195/195/195 196/196/196
f 148/148/148 197/197/197 149/149/149
f 149/149/149 197/197/197 198/198/198
f 149/149/149 198/198/198 150/150/150
f 150/150/150 198/198/198 199/199/199
f 150/150/150 199/199/199 151/151/151
f 151/151/151 199/199/199 200/200/200
f 151/151/151 200/200/200 152/152/152
f 152/152/152 200/200/200 201/201/201
f 152/152/152 201/201/201 153/153/153
f 153/153/153 201/201/201 202/202/202
f 153/153/153 202/202/202 154/154/154
f 154/154/154 202/202/202 203/203/203
f 154/154/154 203/203/203 155/155/155
f 155/155/155 203/203/203 204/204/204
f 155/155/155 204/204/204 156/156/156
f 156/156/156 204/204/204 205/205/205
f 156/156/156 205/205/205 157/157/157
f 157/157/157 205/205/205 206/206/206
f 157/157/157 206/206/206 158/158/158
f 158/158/158 206/206/206 207/207/207
f 158/158/158 207/207/207 159/159/159
f 159/159/159 207/207/207 208/208/208
f 159/159/159 208/208/208 160/160/160
f 160/160/160 208/208/208 209/209/209
f 160/160/160 209/209/209 161/161/161
f 161/161/161 209/209/209 210/210/210
f 161/161/161 210/210/210 162/162/162
f 162/162/162 210/210/210 211/211/211
f 162/162/162 211/211/211 163/163/163
f 163/163/163 211/211/211 212/212/212
f 163/163/163 212/212/212 164/164/164
f 164/164/164 212/212/212 213/213/213
f 164/164/164 213/213/213 165/165/165
f 165/165/165 213/213/213 214/214/214
f 165/165/165 214/214/214 166/166/166
f 166/166/166 214/214/214 215/215/215
f 166/166/166 215/215/215 167/167/167
f 167/167/167 215/215/215 216/216/216
f 167/167/167 216/216/216 168/168/168
f 168/168/168 216/216/216 217/217/217
f 168/168/168 217/217/217 169/169/169
f 169/169/169 217/217/217 218/218/218
f 169/169/169 218/218/218 170/170/170
f 170/170/170 218/218/218 219/219/219
f 170/170/170 219/219/219 171/171/171
f 171/171/171 219/219/219 220/220/220
f 171/171/171 220/220/220 172/172/172
f 172/172/172 220/220/220 221/221/221
f 172/172/172 221/221/221 173/173/173
f 173/173/173 221/221/221 222/222/222
f 173/173/173 222/222/222 174/174/174
f 174/174/174 222/222/222 223/223/223
f 174/174/174 223/223/223 175/175/175
f 175/175/175 223/223/223 224/224/224
f 175/175/175 224/224/224 176/176/176
f 176/176/176 224/224/224 225/225/225
f 176/176/176 225/225/225 177/177/177
f 177/177/177 225/225/225 226/226/226
f 177/177/177 226/226/226 178/178/178
f 178/178/178 226/226/226 227/227/227
f 178/178/178 227/227/227 179/179/179
f 179/179/179 227/227/227 228/228/228
f 179/179/179 228/228/228 180/180/180
f 180/180/180 228/228/228 229/229/229
f 180/180/180 229/229/229 181/181/181
f 181/181/181 229/229/229 230/230/230
f 181/181/181 230/230/230 182/182/182
f 182/182/182 230/230/230 231/231/231
f 182/182/182 231/231/231 183/183/183
f 183/183/183 231/231/231 232/232/232
f 183/183/183 232/232/232 184/184/184
f 184/184/184 232/232/232 233/233/233
f 184/184/184 233/233/233 185/185/185
f 185/185/185 233/233/233 234/234/234
f 185/185/185 234/234/234 186/186/186
f 186/186/186 234/234/234 235/235/235
f 186/186/186 235/235/235 187/187/187
f 187/187/187 235/235/235 236/236/236
f 187/187/187 236/236/236 188/188/188
f 188/188/188 236/236/236 237/237/237
f 188/188/188 237/237/237 189/189/189
f 189/189/189 237/237/237 238/238/238
f 189/189/189 238/238/238 190/190/190
f 190/190/190 238/238/238 239/239/239
f 190/190/190 239/239/239 191/191/191
f 191/191/191 239/239/239 240/240/240
f 191/191/191 240/240/240 192/192/192
f 192/192/192 240/240/240 241/241/241
f 192/192/192 241/241/241 193/193/193
f 193/193/193 241/241/241 242/242/242
f 193/193/193 242/242/242 194/194/194
f 194/194/194 242/242/242 243/243/243
f 194/194/194 243/243/243 195/195/195
f 195/195/195 243/243/243 244/244/244
f 195/195/195 244/244/244 196/196/196
f 196/196/196 244/244/244 245/245/245
f 197/197/197 246/246/246 198/198/198
f 198/198/198 246/246/246 247/247/247
f 198/198/198 247/247/247 199/199/199
f 199/199/199 247/247/247 248/248/248
f 199/199/199 248/248/248 200/200/200
f 200/200/200 248/248/248 249/249/249
f 200/200/200 249/249/249 201/201/201
f 201/201/201 249/249/249 250/250/250
f 201/201/201 250/250/250 202/202/202
f 202/202/202 250/250/250 251/251/251
f 202/202/202 251/251/251 203/203/203
f 203/203/203 251/251/251 252/252/252
f 203/203/203 252/252/252 204/204/204
f 204/204/204 252/252/252 253/253/253
f 204/204/204 253/253/253 205/205/205
f 205/205/205 253/253/253 254/254/254
f 205/205/205 254/254/254 206/206/206
f 206/206/206 254/254/254 255/255/255
f 206/206/206 255/255/255 207/207/207
f 207/207/207 255/255/255 256/256/256
f 207/207/207 256/256/256 208/208/208
f 208/208/208 256/256/256 257/257/257
f 208/208/208 257/257/257 209/209/209
f 209/209/209 257/257/257 258/258/258
f 209/209/209 258/258/258 210/210/210
f 210/210/210 258/258/258 259/259/259
f 210/210/210 259/259/259 211/211/211
f 211/211/211 259/259/259 260/260/260
f 211/211/211 260/260/260 212/212/212
f 212/212/212 260/260/260 261/261/261
f 212/212/212 261/261/261 213/213/213
f 213/213/213 261/261/261 262/262/262
f 213/213/213 262/262/262 214/214/214
f 214/214/214 262/262/262 263/263/263
f 214/214/214 263/263/263 215/215/215
f 215/215/215 263/263/263 264/264/264
f 215/215/215 264/264/264 216/216/216
f 216/216/216 264/264/264 265/265/265
f 216/216/216 265/265/265 217/217/217
f 217/217/217 265/265/265 266/266/266
f 217/217/217 266/266/266 218/218/218
f 218/218/218 266/266/266 267/267/267
f 218/218/218 267/267/267 219/219/219
f 219/219/219 267/267/267 268/268/268
f 219/219/219 268/268/268 220/220/220
f 220/220/220 268/268/268 269/269/269
f 220/220/220 269/269/269 221/221/221
f 221/221/221 269/269/269 270/270/270
f 221/221/221 270/270/270 222/222/222
f 222/222/222 270/270/270 271/271/271
f 222/222/222 271/271/271 223/223/223
f 223/223/223 271/271/271 272/272/272
f 223/223/223 272/272/272 224/224/224
f 224/224/224 272/272/272 273/273/273
f 224/224/224 273/273/273 225/225/225
f 225/225/225 273/273/273 274/274/274
f 225/225/225 274/274/274 226/226/226
f 226/226/226 274/274/274 275/275/275
f 226/226/226 275/275/275 227/227/227
f 227/227/227 275/275/275 276/276/276
f 227/227/227 276/276/276 228/228/228
f 228/228/228 276/276/276 277/277/277
f 228/228/228 277/277/277 229/229/229
f 229/229/229 277/277/277 278/278/278
f 229/229/229 278/278/278 230/230/230
f 230/230/230 278/278/278 279/279/279
f 230/230/230 279/279/279 231/231/231
f 231/231/231 279/279/279 280/280/280
f 231/231/231 280/280/280 232/232/232
f 232/232/232 280/280/280 281/281/281
f 232/232/232 281/281/281 233/233/233
f 233/233/233 281/281/281 282/282/282
f 233/233/233 282/282/282 234/234/234
f 234/234/234 282/282/282 283/283/283
f 234/234/234 283/283/283 235/235/235
f 235/235/235 283/283/283 284/284/284
f 235/235/235 284/284/284 236/236/236
f 236/236/236 284/284/284 285/285/285
f 236/236/236 285/285/285 237/237/237
f 237/237/237 285/285/285 286/286/286
f 237/237/237 286/286/286 238/238/238
f 238/238/238 286/286/286 287/287/287
f 238/238/238 287/287/287 239/239/239
f 239/239/239 287/287/287 288/288/288
f 239/239/239 288/288/288 240/240/240
f 240/240/240 288/288/288 289/289/289
f 240/240/240 289/289/289 241/241/241
f 241/241/241 289/289/289 290/290/290
f 241/241/241 290/290/290 242/242/242
f 242/242/242 290/290/290 291/291/291
f 242/242/242 291/291/291 243/243/243
f 243/243/243 291/291/291 292/292/292
f 243/243/243 292/292/292 244/244/244
f 244/244/244 292/292/292 293/293/293
f 244/244/244 293/293/293 245/245/245
f 245/245/245 293/293/293 294/294/294
f 246/246/246 295/295/295 247/247/247
f 247/247/247 295/295/295 296/296/296
f 247/247/247 296/296/296 248/248/248
f 248/248/248 296/296/296 297/297/297
f 248/248/248 297/297/297 249/249/249
f 249/249/249 297/297/297 298/298/298
f 249/249/249 298/298/298 250/250/250
f 250/250/250 298/298/298 299/299/299
f 250/250/250 299/299/299 251/251/251
f 251/251/251 299/299/299 300/300/300
f 251/251/251 300/300/300 252/252/252
f 252/252/252 300/300/300 301/301/301
f 252/252/252 301/301/301 253/253/253
f 253/253/253 301/301/301 302/302/302
f 253/253/253 302/302/302 254/254/254
f 254/254/254 302/302/302 303/303/303
f 254/254/254 303/303/303 255/255/255
f 255/255/255 303/303/303 304/304/304
f 255/255/255 304/304/304 256/256/256
f 256/256/256 304/304/304 305/305/305
f 256/256/256 305/305/305 257/257/257
f 257/257/257 305/305/305 306/306/306
f 257/257/257 306/306/306 258/258/258
f 258/258/258 306/306/306 307/307/307
f 258/258/258 307/307/307 259/259/259
f 259/259/259 307/307/307 308/308/308
f 259/259/259 308/308/308 260/260/260
f 260/260/260 308/308/308 309/309/309
f 260/260/260 309/309/309 261/261/261
f 261/261/261 309/309/309 310/310/310
f 261/261/261 310/310/310 262/262/262
f 262/262/262 310/310/310 311/311/311
f 262/262/262 311/311/311 263/263/263
f 263/263/263 311/311/311 312/312/312
f 263/263/263 312/312/312 264/264/264
f 264/264/264 312/312/312 313/313/313
f 264/264/264 313/313/313 265/265/265
f 265/265/265 313/313/313 314/314/314
f 265/265/265 314/314/314 266/266/266
f 266/266/266 314/314/314 315/315/315
f 266/266/266 315/315/315 267/267/267
f 267/267/267 315/315/315 316/316/316
f 267/267/267 316/316/316 268/268/268
f 268/268/268 316/316/316 317/317/317
f 268/268/268 317/317/317 269/269/269
f 269/269/269 317/317/317 318/318/318
f 269/269/269 318/318/318 270/270/270
f 270/270/270 318/318/318 319/319/319
f 270/270/270 319/319/319 271/271/271
f 271/271/271 319/319/319 320/320/320
f 271/271/271 320/320/320 272/272/272
f 272/272/272 320/320/320 321/321/321
f 272/272/272 321/321/321 273/273/273
f 273/273/273 321/321/321 322/322/322
f 273/273/273 322/322/322 274/274/274
f 274/274/274 322/322/322 323/323/323
f 274/274/274 323/323/323 275/275/275
f 275/275/275 323/323/323 324/324/324
f 275/275/275 324/324/324 276/276/276
f 276/276/276 324/324/324 325/325/325
f 276/276/276 325/325/325 277/277/277
f 277/277/277 325/325/325 326/326/326
f 277/277/277 326/326/326 278/278/278
f 278/278/278 326/326/326 327/327/327
f 278/278/278 327/327/327 279/279/279
f 279/279/279 327/327/327 328/328/328
f 279/279/279 328/328/328 280/280/280
f 280/280/280 328/328/328 329/329/329
f 280/280/280 329/329/329 281/281/281
f 281/281/281 329/329/329 330/330/330
f 281/281/281 330/330/330 282/282/282
f 282/282/282 330/330/330 331/331/331
f 282/282/282 331/331/331 283/283/283
f 283/283/283 331/331/331 332/332/332
f 283/283/283 332/332/332 284/284/284
f 284/284/284 332/332/332 333/333/333
f 284/284/284 333/333/333 285/285/285
f 285/285/285 333/333/333 334/334/334
f 285/285/285 334/334/334 286/286/286
f 286/286/286 334/334/334 335/335/335
f 286/286/286 335/335/335 287/287/287
f 287/287/287 335/335/335 336/336/336
f 287/287/287 336/336/336 288/288/288
f 288/288/288 336/336/336 337/337/337
f 288/288/288 337/337/337 289/289/289
f 289/289/289 337/337/337 338/338/338
f 289/289/289 338/338/338 290/290/290
f 290/290/290 338/338/338 339/339/339
f 290/290/290 339/339/339 291/291/291
f 291/291/291 339/339/339 340/340/340
f 291/291/291 340/340/340 292/292/292
f 292/292/292 340/340/340 341/341/341
f 292/292/292 341/341/341 293/293/293
f 293/293/293 341/341/341 342/342/342
f 293/293/293 342/342/342 294/294/294
f 294/294/294 342/342/342 343/343/343
f 295/295/295 344/344/344 296/296/296
f 296/296/296 344/344/344 345/345/345
f 296/296/296 345/345/345 297/297/297
f 297/297/297 345/345/345 346/346/346
f 297/297/297 346/346/346 298/298/298
f 298/298/298 346/346/346 347/347/347
f 298/298/298 347/347/347 299/299/299
f 299/299/299 347/347/347 348/348/348
f 299/299/299 348/348/348 300/300/300
f 300/300/300 348/348/348 349/349/349
f 300/300/300 349/349/349 301/301/301
f 301/301/301 349/349/349 350/350/350
f 301/301/301 350/350/350 302/302/302
f 302/302/302 350/350/350 351/351/351
f 302/302/302 351/351/351 303/303/303
f 303/303/303 351/351/351 352/352/352
f 303/303/303 352/352/352 304/304/304
f 304/304/304 352/352/352 353/353/353
f 304/304/304 353/353/353 305/305/305
f 305/305/305 353/353/353 354/354/354
f 305/305/305 354/354/354 306/306/306
f 306/306/306 354/354/354 355/355/355
f 306/306/306 355/355/355 307/307/307
f 307/307/307 355/355/355 356/356/356
f 307/307/307 356/356/356 308/308/308
f 308/308/308 356/356/356 357/357/357
f 308/308/308 357/357/357 309/309/309
f 309/309/309 357/357/357 358/358/358
f 309/309/309 358/358/358 310/310/310
f 310/310/310 358/358/358 359/359/359
f 310/310/310 359/359/359 311/311/311
f 311/311/311 359/359/359 360/360/360
f 311/311/311 360/360/360 312/312/312
f 312/312/312 360/360/360 361/361/361
f 312/312/312 361/361/361 313/313/313
f 313/313/313 361/361/361 362/362/362
f 313/313/313 362/362/362 314/314/314
f 314/314/314 362/362/362 363/363/363
f 314/314/314 363/363/363 315/315/315
f 315/315/315 363/363/363 364/364/364
f 315/315/315 364/364/364 316/316/316
f 316/316/316 364/364/364 365/365/365
f 316/316/316 365/365/365 317/317/317
f 317/317/317 365/365/365 366/366/366
f 317/317/317 366/366/366 318/318/318
f 318/318/318 366/366/366 367/367/367
f 318/318/318 367/367/367 319/319/319
f 319/319/319 367/367/367 368/368/368
f 319/319/319 368/368/368 320/320/320
f 320/320/320 368/368/368 369/369/369
f 320/320/320 369/369/369 321/321/321
f 321/321/321 369/369/369 370/370/370
f 321/321/321 370/370/370 322/322/322
f 322/322/322 370/370/370 371/371/371
f 322/322/322 371/371/371 323/323/323
f 323/323/323 371/371/371 372/372/372
f 323/323/323 372/372/372 324/324/324
f 324/324/324 372/372/372 373/373/373
f 324/324/324 373/373/373 325/325/325
f 325/325/325 373/373/373 374/374/374
f 325/325/325 374/374/374 326/326/326
f 326/326/326 374/374/374 375/375/375
f 326/326/326 375/375/375 327/327/327
f 327/327/327 375/375/375 376/376/376
f 327/327/327 376/376/376 328/328/328
f 328/328/328 376/376/376 377/377/377
f 328/328/328 377/377/377 329/329/329
f 329/329/329 377/377/377 378/378/378
f 329/329/329 378/378/378 330/330/330
f 330/330/330 378/378/378 379/379/379
f 330/330/330 379/379/379 331/331/331
f 331/331/331 379/379/379 380/380/380
f 331/331/331 380/380/380 332/332/332
f 332/332/332 380/380/380 381/381/381
f 332/332/332 381/381/381 333/333/333
f 333/333/333 381/381/381 382/382/382
f 333/333/333 382/382/382 334/334/334
f 334/334/334 382/382/382 383/383/383
f 334/334/334 383/383/383 335/335/335
f 335/335/335 383/383/383 384/384/384
f 335/335/335 384/384/384 336/336/336
f 336/336/336 384/384/384 385/385/385
f 336/336/336 385/385/385 337/337/337
f 337/337/337 385/385/385 386/386/386
f 337/337/337 386/386/386 338/338/338
f 338/338/338 386/386/386 387/387/387
f 338/338/338 387/387/387 339/339/339
f 339/339/339 387/387/387 388/388/388
f 339/339/339 388/388/388 340/340/340
f 340/340/340 388/388/388 389/389/389
f 340/340/340 389/389/389 341/341/341
f 341/341/341 389/389/389 390/390/390
f 341/341/341 390/390/390 342/342/342
f 342/342/342 390/390/390 391/391/391
f 342/342/342 391/391/391 343/343/343
f 343/343/343 391/391/391 392/392/392
f 344/344/344 393/393/393 345/345/345
f 345/345/345 393/393/393 394/394/394
f 345/345/345 394/394/394 346/346/346
f 346/346/346 394/394/394 395/395/395
f 346/346/346 395/395/395 347/347/347
f 347/347/347 395/395/395 396/396/396
f 347/347/347 396/396/396 348/348/348
f 348/348/348 396/396/396 397/397/397
f 348/348/348 397/397/397 349/349/349
f 349/349/349 397/397/397 398/398/398
f 349/349/349 398/398/398 350/350/350
f 350/350/350 398/398/398 399/399/399
f 350/350/350 399/399/399 351/351/351
f 351/351/351 399/399/399 400/400/400
f 351/351/351 400/400/400 352/352/352
f 352/352/352 400/400/400 401/401/401
f 352/352/352 401/401/401 353/353/353
f 353/353/353 401/401/401 402/402/402
f 353/353/353 402/402/402 354/354/354
f 354/354/354 402/402/402 403/403/403
f 354/354/354 403/403/403 355/355/355
f 355/355/355 403/403/403 404/404/404
f 355/355/355 404/404/404 356/356/356
f 356/356/356 404/404/404 405/405/405
f 356/356/356 405/405/405 357/357/357
f 357/357/357 405/405/405 406/406/406
f 357/357/357 406/406/406 358/358/358
f 358/358/358 406/406/406 407/407/407
f 358/358/358 407/407/407 359/359/359
f 359/359/359 407/407/407 408/408/408
f 359/359/359 408/408/408 360/360/360
f 360/360/360 408/408/408 409/409/409
f 360/360/360 409/409/409 361/361/361
f 361/361/361 409/409/409 410/410/410
f 361/361/361 410/410/410 362/362/362
f 362/362/362 410/410/410 411/411/411
f 362/362/362 411/411/411 363/363/363
f 363/363/363 411/411/411 412/412/412
f 363/363/363 412/412/412 364/364/364
f 364/364/364 412/412/412 413/413/413
f 364/364/364 413/413/413 365/365/365
f 365/365/365 413/413/413 414/414/414
f 365/365/365 414/414/414 366/366/366
f 366/366/366 414/414/414 415/415/415
f 366/366/366 415/415/415 367/367/367
f 367/367/367 415/415/415 416/416/416
f 367/367/367 416/416/416 368/368/368
f 368/368/368 416/416/416 417/417/417
f 368/368/368 417/417/417 369/369/369
f 369/369/369 417/417/417 418/418/418
f 369/369/369 418/418/418 370/370/370
f 370/370/370 418/418/418 419/419/419
f 370/370/370 419/419/419 371/371/371
f 371/371/371 419/419/419 420/420/420
f 371/371/371 420/420/420 372/372/372
f 372/372/372 420/420/420 421/421/421
f 372/372/372 421/421/421 373/373/373
f 373/373/373 421/421/421 422/422/422
f 373/373/373 422/422/422 374/374/374
f 374/374/374 422/422/422 423/423/423
f 374/374/374 423/423/423 375/375/375
f 375/375/375 423/423/423 424/424/424
f 375/375/375 424/424/424 376/376/376
f 376/376/376 424/424/424 425/425/425
f 376/376/376 425/425/425 377/377/377
f 377/377/377 425/425/425 426/426/426
f 377/377/377 426/426/426 378/378/378
f 378/378/378 426/426/426 427/427/427
f 378/378/378 427/427/427 379/379/379
f 379/379/379 427/427/427 428/428/428
f 379/379/379 428/428/428 380/380/380
f 380/380/380 428/428/428 429/429/429
f 380/380/380 429/429/429 381/381/381
f 381/381/381 429/429/429 430/430/430
f 381/381/381 430/430/430 382/382/382
f 382/382/382 430/430/430 431/431/431
f 382/382/382 431/431/431 383/383/383
f 383/383/383 431/431/431 432/432/432
f 383/383/383 432/432/432 384/384/384
f 384/384/384 432/432/432 433/433/433
f 384/384/384 433/433/433 385/385/385
f 385/385/385 433/433/433 434/434/434
f 385/385/385 434/434/434 386/386/386
f 386/386/386 434/434/434 435/435/435
f 386/386/386 435/435/435 387/387/387
f 387/387/387 435/435/435 436/436/436
f 387/387/387 436/436/436 388/388/388
f 388/388/388 436/436/436 437/437/437
f 388/388/388 437/437/437 389/389/389
f 389/389/389 437/437/437 438/438/438
f 389/389/389 438/438/438 390/390/390
f 390/390/390 438/438/438 439/439/439
f 390/390/390 439/439/439 391/391/391
f 391/391/391 439/439/439 440/440/440
f 391/391/391 440/440/440 392/392/392
f 392/392/392 440/440/440 441/441/441
f 393/393/393 442/442/442 394/394/394
f 394/394/394 442/442/442 443/443/443
f 394/394/394 443/443/443 395/395/395
f 395/395/395 443/443/443 444/444/444
f 395/395/395 444/444/444 396/396/396
f 396/396/396 444/444/444 445/445/445
f 396/396/396 445/445/445 397/397/397
f 397/397/397 445/445/445 446/446/446
f 397/397/397 446/446/446 398/398/398
f 398/398/398 446/446/446 447/447/447
f 398/398/398 447/447/447 399/399/399
f 399/399/399 447/447/447 448/448/448
f 399/399/399 448/448/448 400/400/400
f 400/400/400 448/448/448 449/449/449
f 400/400/400 449/449/449 401/401/401
f 401/401/401 449/449/449 450/450/450
f 401/401/401 450/450/450 402/402/402
f 402/402/402 450/450/450 451/451/451
f 402/402/402 451/451/451 403/403/403
f 403/403/403 451/451/451 452/452/452
f 403/403/403 452/452/452 404/404/404
f 404/404/404 452/452/452 453/453/453
f 404/404/404 453/453/453 405/405/405
f 405/405/405 453/453/453 454/454/454
f 405/405/405 454/454/454 406/406/406
f 406/406/406 454/454/454 455/455/455
f 406/406/406 455/455/455 407/407/407
f 407/407/407 455/455/455 456/456/456
f 407/407/407 456/456/456 408/408/408
f 408/408/408 456/456/456 457/457/457
f 408/408/408 457/457/457 409/409/409
f 409/409/409 457/457/457 458/458/458
f 409/409/409 458/458/458 410/410/410
f 410/410/410 458/458/458 459/459/459
f 410/410/410 459/459/459 411/411/411
f 411/411/411 459/459/459 460/460/460
f 411/411/411 460/460/460 412/412/412
f 412/412/412 460/460/460 461/461/461
f 412/412/412 461/461/461 413/413/413
f 413/413/413 461/461/461 462/462/462
f 413/413/413 462/462/462 414/414/414
f 414/414/414 462/462/462 463/463/463
f 414/414/414 463/463/463 415/415/415
f 415/415/415 463/463/463 464/464/464
f 415/415/415 464/464/464 416/416/416
f 416/416/416 464/464/464 465/465/465
f 416/416/416 465/465/465 417/417/417
f 417/417/417 465/465/465 466/466/466
f 417/417/417 466/466/466 418/418/418
f 418/418/418 466/466/466 467/467/467
f 418/418/418 467/467/467 419/419/419
f 419/419/419 467/467/467 468/468/468
f 419/419/419 468/468/468 420/420/420
f 420/420/420 468/468/468 469/469/469
f 420/420/420 469/469/469 421/421/421
f 421/421/421 469/469/469 470/470/470
f 421/421/421 470/470/470 422/422/422
f 422/422/422 470/470/470 471/471/471
f 422/422/422 471/471/471 423/423/423
f 423/423/423 471/471/471 472/472/472
f 423/423/423 472/472/472 424/424/424
f 424/424/424 472/472/472 473/473/473
f 424/424/424 473/473/473 425/425/425
f 425/425/425 473/473/473 474/474/474
f 425/425/425 474/474/474 426/426/426
f 426/426/426 474/474/474 475/475/475
f 426/426/426 475/475/475 427/427/427
f 427/427/427 475/475/475 476/476/476
f 427/427/427 476/476/476 428/428/428
f 428/428/428 476/476/476 477/477/477
f 428/428/428 477/477/477 429/429/429
f 429/429/429 477/477/477 478/478/478
f 429/429/429 478/478/478 430/430/430
f 430/430/430 478/478/478 479/479/479
f 430/430/430 479/479/479 431/431/431
f 431/431/431 479/479/479 480/480/480
f 431/431/431 480/480/480 432/432/432
f 432/432/432 480/480/480 481/481/481
f 432/432/432 481/481/481 433/433/433
f 433/433/433 481/481/481 482/482/482
f 433/433/433 482/482/482 434/434/434
f 434/434/434 482/482/482 483/483/483
f 434/434/434 483/483/483 435/435/435
f 435/435/435 483/483/483 484/484/484
f 435/435/435 484/484/484 436/436/436
f 436/436/436 484/484/484 485/485/485
f 436/436/436 485/485/485 437/437/437
f 437/437/437 485/485/485 486/486/486
f 437/437/437 486/486/486 438/438/438
f 438/438/438 486/486/486 487/487/487
f 438/438/438 487/487/487 439/439/439
f 439/439/439 487/487/487 488/488/488
f 439/439/439 488/488/488 440/440/440
f 440/440/440 488/488/488 489/489/489
f 440/440/440 489/489/489 441/441/441
f 441/441/441 489/489/489 490/490/490
f 442/442/442 491/491/491 443/443/443
f 443/443/443 491/491/491 492/492/492
f 443/443/443 492/492/492 444/444/444
f 444/444/444 492/492/492 493/493/493
f 444/444/444 493/493/493 445/445/445
f 445/445/445 493/493/493 494/494/494
f 445/445/445 494/494/494 446/446/446
f 446/446/446 494/494/494 495/495/495
f 446/446/446 495/495/495 447/447/447
f 447/447/447 495/495/495 496/496/496
f 447/447/447 496/496/496 448/448/448
f 448/448/448 496/496/496 497/497/497
f 448/448/448 497/497/497 449/449/449
f 449/449/449 497/497/497 498/498/498
f 449/449/449 498/498/498 450/450/450
f 450/450/450 498/498/498 499/499/499
f 450/450/450 499/499/499 451/451/451
f 451/451/451 499/499/499 500/500/500
f 451/451/451 500/500/500 452/452/452
f 452/452/452 500/500/500 501/501/501
f 452/452/452 501/501/501 453/453/453
f 453/453/453 501/501/501 502/502/502
f 453/453/453 502/502/502 454/454/454
f 454/454/454 502/502/502 503/503/503
f 454/454/454 503/503/503 455/455/455
f 455/455/455 503/503/503 504/504/504
f 455/455/455 504/504/504 456/456/456
f 456/456/456 504/504/504 505/505/505
f 456/456/456 505/505/505 457/457/457
f 457/457/457 505/505/505 506/506/506
f 457/457/457 506/506/506 458/458/458
f 458/458/458 506/506/506 507/507/507
f 458/458/458 507/507/507 459/459/459
f 459/459/459 507/507/507 508/508/508
f 459/459/459 508/508/508 460/460/460
f 460/460/460 508/508/508 509/509/509
f 460/460/460 509/509/509 461/461/461
f 461/461/461 509/509/509 510/510/510
f 461/461/461 510/510/510 462/462/462
f 462/462/462 510/510/510 511/511/511
f 462/462/462 511/511/511 463/463/463
f 463/463/463 511/511/511 512/512/512
f 463/463/463 512/512/512 464/464/464
f 464/464/464 512/512/512 513/513/513
f 464/464/464 513/513/513 465/465/465
f 465/465/465 513/513/513 514/514/514
f 465/465/465 514/514/514 466/466/466
f 466/466/466 514/514/514 515/515/515
f 466/466/466 515/515/515 467/467/467
f 467/467/467 515/515/515 516/516/516
f 467/467/467 516/516/516 468/468/468
f 468/468/468 516/516/516 517/517/517
f 468/468/468 517/517/517 469/469/469
f 469/469/469 517/517/517 518/518/518
f 469/469/469 518/518/518 470/470/470
f 470/470/470 518/518/518 519/519/519
f 470/470/470 519/519/519 471/471/471
f 471/471/471 519/519/519 520/520/520
f 471/471/471 520/520/520 472/472/472
f 472/472/472 520/520/520 521/521/521
f 472/472/472 521/521/521 473/473/473
f 473/473/473 521/521/521 522/522/522
f 473/473/473 522/522/522 474/474/474
f 474/474/474 522/522/522 523/523/523
f 474/474/474 523/523/523 475/475/475
f 475/475/475 523/523/523 524/524/524
f 475/475/475 524/524/524 476/476/476
f 476/476/476 524/524/524 525/525/525
f 476/476/476 525/525/525 477/477/477
f 477/477/477 525/525/525 526/526/526
f 477/477/477 526/526/526 478/478/478
f 478/478/478 526/526/526 527/527/527
f 478/478/478 527/527/527 479/479/479
f 479/479/479 527/527/527 528/528/528
f 479/479/479 528/528/528 480/480/480
f 480/480/480 528/528/528 529/529/529
f 480/480/480 529/529/529 481/481/481
f 481/481/481 529/529/529 530/530/530
f 481/481/481 530/530/530 482/482/482
f 482/482/482 530/530/530 531/531/531
f 482/482/482 531/531/531 483/483/483
f 483/483/483 531/531/531 532/532/532
f 483/483/483 532/532/532 484/484/484
f 484/484/484 532/532/532 533/533/533
f 484/484/484 533/533/533 485/485/485
f 485/485/485 533/533/533 534/534/534
f 485/485/485 534/534/534 486/486/486
f 486/486/486 534/534/534 535/535/535
f 486/486/486 535/535/535 487/487/487
f 487/487/487 535/535/535 536/536/536
f 487/487/487 536/536/536 488/488/488
f 488/488/488 536/536/536 537/537/537
f 488/488/488 537/537/537 489/489/489
f 489/489/489 537/537/537 538/538/538
f 489/489/489 538/538/538 490/490/490
f 490/490/490 538/538/538 539/539/539
f 491/491/491 540/540/540 492/492/492
f 492/492/492 540/540/540 541/541/541
f 492/492/492 541/541/541 493/493/493
f 493/493/493 541/541/541 542/542/542
f 493/493/493 542/542/542 494/494/494
f 494/494/494 542/542/542 543/543/543
f 494/494/494 543/543/543 495/495/495
f 495/495/495 543/543/543 544/544/544
f 495/495/495 544/544/544 496/496/496
f 496/496/496 544/544/544 545/545/545
f 496/496/496 545/545/545 497/497/497
f 497/497/497 545/545/545 546/546/546
f 497/497/497 546/546/546 498/498/498
f 498/498/498 546/546/546 547/547/547
f 498/498/498 547/547/547 499/499/499
f 499/499/499 547/547/547 548/548/548
f 499/499/499 548/548/548 500/500/500
f 500/500/500 548/548/548 549/549/549
f 500/500/500 549/549/549 501/501/501
f 501/501/501 549/549/549 550/550/550
f 501/501/501 550/550/550 502/502/502
f 502/502/502 550/550/550 551/551/551
f 502/502/502 551/551/551 503/503/503
f 503/503/503 551/551/551 552/552/552
f 503/503/503 552/552/552 504/504/504
f 504/504/504 552/552/552 553/553/553
f 504/504/504 553/553/553 505/505/505
f 505/505/505 553/553/553 554/554/554
f 505/505/505 554/554/554 506/506/506
f 506/506/506 554/554/554 555/555/555
f 506/506/506 555/555/555 507/507/507
f 507/507/507 555/555/555 556/556/556
f 507/507/507 556/556/556 508/508/508
f 508/508/508 556/556/556 557/557/557
f 508/508/508 557/557/557 509/509/509
f 509/509/509 557/557/557 558/558/558
f 509/509/509 558/558/558 510/510/510
f 510/510/510 558/558/558 559/559/559
f 510/510/510 559/559/559 511/511/511
f 511/511/511 559/559/559 560/560/560
f 511/511/511 560/560/560 512/512/512
f 512/512/512 560/560/560 561/561/561
f 512/512/512 561/561/561 513/513/513
f 513/513/513 561/561/561 562/562/562
f 513/513/513 562/562/562 514/514/514
f 514/514/514 562/562/562 563/563/563
f 514/514/514 563/563/563 515/515/515
f 515/515/515 563/563/563 564/564/564
f 515/515/515 564/564/564 516/516/516
f 516/516/516 564/564/564 565/565/565
f 516/516/516 565/565/565 517/517/517
f 517/517/517 565/565/565 566/566/566
f 517/517/517 566/566/566 518/518/518
f 518/518/518 566/566/566 567/567/567
f 518/518/518 567/567/567 519/519/519
f 519/519/519 567/567/567 568/568/568
f 519/519/519 568/568/568 520/520/520
f 520/520/520 568/568/568 569/569/569
f 520/520/520 569/569/569 521/521/521
f 521/521/521 569/569/569 570/570/570
f 521/521/521 570/570/570 522/522/522
f 522/522/522 570/570/570 571/571/571
f 522/522/522 571/571/571 523/523/523
f 523/523/523 571/571/571 572/572/572
f 523/523/523 572/572/572 524/524/524
f 524/524/524 572/572/572 573/573/573
f 524/524/524 573/573/573 525/525/525
f 525/525/525 573/573/573 574/574/574
f 525/525/525 574/574/574 526/526/526
f 526/526/526 574/574/574 575/575/575
f 526/526/526 575/575/575 527/527/527
f 527/527/527 575/575/575 576/576/576
f 527/527/527 576/576/576 528/528/528
f 528/528/528 576/576/576 577/577/577
f 528/528/528 577/577/577 529/529/529
f 529/529/529 577/577/577 578/578/578
f 529/529/529 578/578/578 530/530/530
f 530/530/530 578/578/578 579/579/579
f 530/530/530 579/579/579 531/531/531
f 531/531/531 579/579/579 580/580/580
f 531/531/531 580/580/580 532/532/532
f 532/532/532 580/580/580 581/581/581
f 532/532/532 581/581/581 533/533/533
f 533/533/533 581/581/581 582/582/582
f 533/533/533 582/582/582 534/534/534
f 534/534/534 582/582/582 583/583/583
f 534/534/534 583/583/583 535/535/535
f 535/535/535 583/583/583 584/584/584
f 535/535/535 584/584/584 536/536/536
f 536/536/536 584/584/584 585/585/585
f 536/536/536 585/585/585 537/537/537
f 537/537/537 585/585/585 586/586/586
f 537/537/537 586/586/586 538/538/538
f 538/538/538 586/586/586 587/587/587
f 538/538/538 587/587/587 539/539/539
f 539/539/539 587/587/587 588/588/588
f 540/540/540 589/589/589 541/541/541
f 541/541/541 589/589/589 590/590/590
f 541/541/541 590/590/590 542/542/542
f 542/542/542 590/590/590 591/591/591
f 542/542/542 591/591/591 543/543/543
f 543/543/543 591/591/591 592/592/592
f 543/543/543 592/592/592 544/544/544
f 544/544/544 592/592/592 593/593/593
f 544/544/544 593/593/593 545/545/545
f 545/545/545 593/593/593 594/594/594
f 545/545/545 594/594/594 546/546/546
f 546/546/546 594/594/594 595/595/595
f 546/546/546 595/595/595 547/547/547
f 547/547/547 595/595/595 596/596/596
f 547/547/547 596/596/596 548/548/548
f 548/548/548 596/596/596 597/597/597
f 548/548/548 597/597/597 549/549/549
f 549/549/549 597/597/597 598/598/598
f 549/549/549 598/598/598 550/550/550
f 550/550/550 598/598/598 599/599/599
f 550/550/550 599/599/599 551/551/551
f 551/551/551 599/599/599 600/600/600
f 551/551/551 600/600/600 552/552/552
f 552/552/552 600/600/600 601/601/601
f 552/552/552 601/601/601 553/553/553
f 553/553/553 601/601/601 602/602/602
f 553/553/553 602/602/602 554/554/554
f 554/554/554 602/602/602 603/603/603
f 554/554/554 603/603/603 555/555/555
f 555/555/555 603/603/603 604/604/604
f 555/555/555 604/604/604 556/556/556
f 556/556/556 604/604/604 605/605/605
f 556/556/556 605/605/605 557/557/557
f 557/557/557 605/605/605 606/606/606
f 557/557/557 606/606/606 558/558/558
f 558/558/558 606/606/606 607/607/607
f 558/558/558 607/607/607 559/559/559
f 559/559/559 607/607/607 608/608/608
f 559/559/559 608/608/608 560/560/560
f 560/560/560 608/608/608 609/609/609
f 560/560/560 609/609/609 561/561/561
f 561/561/561 609/609/609 610/610/610
f 561/561/561 610/610/610 562/562/562
f 562/562/562 610/610/610 611/611/611
f 562/562/562 611/611/611 563/563/563
f 563/563/563 611/611/611 612/612/612
f 563/563/563 612/612/612 564/564/564
f 564/564/564 612/612/612 613/613/613
f 564/564/564 613/613/613 565/565/565
f 565/565/565 613/613/613 614/614/614
f 565/565/565 614/614/614 566/566/566
f 566/566/566 614/614/614 615/615/615
f 566/566/566 615/615/615 567/567/567
f 567/567/567 615/615/615 616/616/616
f 567/567/567 616/616/616 568/568/568
f 568/568/568 616/616/616 617/617/617
f 568/568/568 617/617/617 569/569/569
f 569/569/569 617/617/617 618/618/618
f 569/569/569 618/618/618 570/570/570
f 570/570/570 618/618/618 619/619/619
f 570/570/570 619/619/619 571/571/571
f 571/571/571 619/619/619 620/620/620
f 571/571/571 620/620/620 572/572/572
f 572/572/572 620/620/620 621/621/621
f 572/572/572 621/621/621 573/573/573
f 573/573/573 621/621/621 622/622/622
f 573/573/573 622/622/622 574/574/574
f 574/574/574 622/622/622 623/623/623
f 574/574/574 623/623/623 575/575/575
f 575/575/575 623/623/623 624/624/624
f 575/575/575 624/624/624 576/576/576
f 576/576/576 624/624/624 625/625/625
f 576/576/576 625/625/625 577/577/577
f 577/577/577 625/625/625 626/626/626
f 577/577/577 626/626/626 578/578/578
f 578/578/578 626/626/626 627/627/627
f 578/578/578 627/627/627 579/579/579
f 579/579/579 627/627/627 628/628/628
f 579/579/579 628/628/628 580/580/580
f 580/580/580 628/628/628 629/629/629
f 580/580/580 629/629/629 581/581/581
f 581/581/581 629/629/629 630/630/630
f 581/581/581 630/630/630 582/582/582
f 582/582/582 630/630/630 631/631/631
f 582/582/582 631/631/631 583/583/583
f 583/583/583 631/631/631 632/632/632
f 583/583/583 632/632/632 584/584/584
f 584/584/584 632/632/632 633/633/633
f 584/584/584 633/633/633 585/585/585
f 585/585/585 633/633/633 634/634/634
f 585/585/585 634/634/634 586/586/586
f 586/586/586 634/634/634 635/635/635
f 586/586/586 635/635/635 587/587/587
f 587/587/587 635/635/635 636/636/636
f 587/587/587 636/636/636 588/588/588
f 588/588/588 636/636/636 637/637/637
f 589/589/589 638/638/638 590/590/590
f 590/590/590 638/638/638 639/639/639
f 590/590/590 639/639/639 591/591/591
f 591/591/591 639/639/639 640/640/640
f 591/591/591 640/640/640 592/592/592
f 592/592/592 640/640/640 641/641/641
f 592/592/592 641/641/641 593/593/593
f 593/593/593 641/641/641 642/642/642
f 593/593/593 642/642/642 594/594/594
f 594/594/594 642/642/642 643/643/643
f 594/594/594 643/643/643 595/595/595
f 595/595/595 643/643/643 644/644/644
f 595/595/595 644/644/644 596/596/596
f 596/596/596 644/644/644 645/645/645
f 596/596/596 645/645/645 597/597/597
f 597/597/597 645/645/645 646/646/646
f 597/597/597 646/646/646 598/598/598
f 598/598/598 646/646/646 647/647/647
f 598/598/598 647/647/647 599/599/599
f 599/599/599 647/647/647 648/648/648
f 599/599/599 648/648/648 600/600/600
f 600/600/600 648/648/648 649/649/649
f 600/600/600 649/649/649 601/601/601
f 601/601/601 649/649/649 650/650/650
f 601/601/601 650/650/650 602/602/602
f 602/602/602 650/650/650 651/651/651
f 602/602/602 651/651/651 603/603/603
f 603/603/603 651/651/651 652/652/652
f 603/603/603 652/652/652 604/604/604
f 604/604/604 652/652/652 653/653/653
f 604/604/604 653/653/653 605/605/605
f 605/605/605 653/653/653 654/654/654
f 605/605/605 654/654/654 606/606/606
f 606/606/606 654/654/654 655/655/655
f 606/606/606 655/655/655 607/607/607
f 607/607/607 655/655/655 656/656/656
f 607/607/607 656/656/656 608/608/608
f 608/608/608 656/656/656 657/657/657
f 608/608/608 657/657/657 609/609/609
f 609/609/609 657/657/657 658/658/658
f 609/609/609 658/658/658 610/610/610
f 610/610/610 658/658/658 659/659/659
f 610/610/610 659/659/659 611/611/611
f 611/611/611 659/659/659 660/660/660
f 611/611/611 660/660/660 612/612/612
f 612/612/612 660/660/660 661/661/661
f 612/612/612 661/661/661 613/613/613
f 613/613/613 661/661/661 662/662/662
f 613/613/613 662/662/662 614/614/614
f 614/614/614 662/662/662 663/663/663
f 614/614/614 663/663/663 615/615/615
f 615/615/615 663/663/663 664/664/664
f 615/615/615 664/664/664 616/616/616
f 616/616/616 664/664/664 665/665/665
f 616/616/616 665/665/665 617/617/617
f 617/617/617 665/665/665 666/666/666
f 617/617/617 666/666/666 618/618/618
f 618/618/618 666/666/666 667/667/667
f 618/618/618 667/667/667 619/619/619
f 619/619/619 667/667/667 668/668/668
f 619/619/619 668/668/668 620/620/620
f 620/620/620 668/668/668 669/669/669
f 620/620/620 669/669/669 621/621/621
f 621/621/621 669/669/669 670/670/670
f 621/621/621 670/670/670 622/622/622
f 622/622/622 670/670/670 671/671/671
f 622/622/622 671/671/671 623/623/623
f 623/623/623 671/671/671 672/672/672
f 623/623/623 672/672/672 624/624/624
f 624/624/624 672/672/672 673/673/673
f 624/624/624 673/673/673 625/625/625
f 625/625/625 673/673/673 674/674/674
f 625/625/625 674/674/674 626/626/626
f 626/626/626 674/674/674 675/675/675
f 626/626/626 675/675/675 627/627/627
f 627/627/627 675/675/675 676/676/676
f 627/627/627 676/676/676 628/628/628
f 628/628/628 676/676/676 677/677/677
f 628/628/628 677/677/677 629/629/629
f 629/629/629 677/677/677 678/678/678
f 629/629/629 678/678/678 630/630/630
f 630/630/630 678/678/678 679/679/679
f 630/630/630 679/679/679 631/631/631
f 631/631/631 679/679/679 680/680/680
f 631/631/631 680/680/680 632/632/632
f 632/632/632 680/680/680 681/681/681
f 632/632/632 681/681/681 633/633/633
f 633/633/633 681/681/681 682/682/682
f 633/633/633 682/682/682 634/634/634
f 634/634/634 682/682/682 683/683/683
f 634/634/634 683/683/683 635/635/635
f 635/635/635 683/683/683 684/684/684
f 635/635/635 684/684/684 636/636/636
f 636/636/636 684/684/684 685/685/685
f 636/636/636 685/685/685 637/637/637
f 637/637/637 685/685/685 686/686/686
f 638/638/638 687/687/687 639/639/639
f 639/639/639 687/687/687 688/688/688
f 639/639/639 688/688/688 640/640/640
f 640/640/640 688/688/688 689/689/689
f 640/640/640 689/689/689 641/641/641
f 641/641/641 689/689/689 690/690/690
f 641/641/641 690/690/690 642/642/642
f 642/642/642 690/690/690 691/691/691
f 642/642/642 691/691/691 643/643/643
f 643/643/643 691/691/691 692/692/692
f 643/643/643 692/692/692 644/644/644
f 644/644/644 692/692/692 693/693/693
f 644/644/644 693/693/693 645/645/645
f 645/645/645 693/693/693 694/694/694
f 645/645/645 694/694/694 646/646/646
f 646/646/646 694/694/694 695/695/695
f 646/646/646 695/695/695 647/647/647
f 647/647/647 695/695/695 696/696/696
f 647/647/647 696/696/696 648/648/648
f 648/648/648 696/696/696 697/697/697
f 648/648/648 697/697/697 649/649/649
f 649/649/649 697/697/697 698/698/698
f 649/649/649 698/698/698 650/650/650
f 650/650/650 698/698/698 699/699/699
f 650/650/650 699/699/699 651/651/651
f 651/651/651 699/699/699 700/700/700
f 651/651/651 700/700/700 652/652/652
f 652/652/652 700/700/700 701/701/701
f 652/652/652 701/701/701 653/653/653
f 653/653/653 701/701/701 702/702/702
f 653/653/653 702/702/702 654/654/654
f 654/654/654 702/702/702 703/703/703
f 654/654/654 703/703/703 655/655/655
f 655/655/655 703/703/703 704/704/704
f 655/655/655 704/704/704 656/656/656
f 656/656/656 704/704/704 705/705/705
f 656/656/656 705/705/705 657/657/657
f 657/657/657 705/705/705 706/706/706
f 657/657/657 706/706/706 658/658/658
f 658/658/658 706/706/706 707/707/707
f 658/658/658 707/707/707 659/659/659
f 659/659/659 707/707/707 708/708/708
f 659/659/659 708/708/708 660/660/660
f 660/660/660 708/708/708 709/709/709
f 660/660/660 709/709/709 661/661/661
f 661/661/661 709/709/709 710/710/710
f 661/661/661 710/710/710 662/662/662
f 662/662/662 710/710/710 711/711/711
f 662/662/662 711/711/711 663/663/663
f 663/663/663 711/711/711 712/712/712
f 663/663/663 712/712/712 664/664/664
f 664/664/664 712/712/712 713/713/713
f 664/664/664 713/713/713 665/665/665
f 665/665/665 713/713/713 714/714/714
f 665/665/665 714/714/714 666/666/666
f 666/666/666 714/714/714 715/715/715
f 666/666/666 715/715/715 667/667/667
f 667/667/667 715/715/715 716/716/716
f 667/667/667 716/716/716 668/668/668
f 668/668/668 716/716/716 717/717/717
f 668/668/668 717/717/717 669/669/669
f 669/669/669 717/717/717 718/718/718
f 669/669/669 718/718/718 670/670/670
f 670/670/670 718/718/718 719/719/719
f 670/670/670 719/719/719 671/671/671
f 671/671/671 719/719/719 720/720/720
f 671/671/671 720/720/720 672/672/672
f 672/672/672 720/720/720 721/721/721
f 672/672/672 721/721/721 673/673/673
f 673/673/673 721/721/721 722/722/722
f 673/673/673 722/722/722 674/674/674
f 674/674/674 722/722/722 723/723/723
f 674/674/674 723/723/723 675/675/675
f 675/675/675 723/723/723 724/724/724
f 675/675/675 724/724/724 676/676/676
f 676/676/676 724/724/724 725/725/725
f 676/676/676 725/725/725 677/677/677
f 677/677/677 725/725/725 726/726/726
f 677/677/677 726/726/726 678/678/678
f 678/678/678 726/726/726 727/727/727
f 678/678/678 727/727/727 679/679/679
f 679/679/679 727/727/727 728/728/728
f 679/679/679 728/728/728 680/680/680
f 680/680/680 728/728/728 729/729/729
f 680/680/680 729/729/729 681/681/681
f 681/681/681 729/729/729 730/730/730
f 681/681/681 730/730/730 682/682/682
f 682/682/682 730/730/730 731/731/731
f 682/682/682 731/731/731 683/683/683
f 683/683/683 731/731/731 732/732/732
f 683/683/683 732/732/732 684/684/684
f 684/684/684 732/732/732 733/733/733
f 684/684/684 733/733/733 685/685/685
f 685/685/685 733/733/733 734/734/734
f 685/685/685 734/734/734 686/686/686
f 686/686/686 734/734/734 735/735/735
f 687/687/687 736/736/736 688/688/688
f 688/688/688 736/736/736 737/737/737
f 688/688/688 737/737/737 689/689/689
f 689/689/689 737/737/737 738/738/738
f 689/689/689 738/738/738 690/690/690
f 690/690/690 738/738/738 739/739/739
f 690/690/690 739/739/739 691/691/691
f 691/691/691 739/739/739 740/740/740
f 691/691/691 740/740/740 692/692/692
f 692/692/692 740/740/740 741/741/741
f 692/692/692 741/741/741 693/693/693
f 693/693/693 741/741/741 742/742/742
f 693/693/693 742/742/742 694/694/694
f 694/694/694 742/742/742 743/743/743
f 694/694/694 743/743/743 695/695/695
f 695/695/695 743/743/743 744/744/744
f 695/695/695 744/744/744 696/696/696
f 696/696/696 744/744/744 745/745/745
f 696/696/696 745/745/745 697/697/697
f 697/697/697 745/745/745 746/746/746
f 697/697/697 746/746/746 698/698/698
f 698/698/698 746/746/746 747/747/747
f 698/698/698 747/747/747 699/699/699
f 699/699/699 747/747/747 748/748/748
f 699/699/699 748/748/748 700/700/700
f 700/700/700 748/748/748 749/749/749
f 700/700/700 749/749/749 701/701/701
f 701/701/701 749/749/749 750/750/750
f 701/701/701 750/750/750 702/702/702
f 702/702/702 750/750/750 751/751/751
f 702/702/702 751/751/751 703/703/703
f 703/703/703 751/751/751 752/752/752
f 703/703/703 752/752/752 704/704/704
f 704/704/704 752/752/752 753/753/753
f 704/704/704 753/753/753 705/705/705
f 705/705/705 753/753/753 754/754/754
f 705/705/705 754/754/754 706/706/706
f 706/706/706 754/754/754 755/755/755
f 706/706/706 755/755/755 707/707/707
f 707/707/707 755/755/755 756/756/756
f 707/707/707 756/756/756 708/708/708
f 708/708/708 756/756/756 757/757/757
f 708/708/708 757/757/757 709/709/709
f 709/709/709 757/757/757 758/758/758
f 709/709/709 758/758/758 710/710/710
f 710/710/710 758/758/758 759/759/759
f 710/710/710 759/759/759 711/711/711
f 711/711/711 759/759/759 760/760/760
f 711/711/711 760/760/760 712/712/712
f 712/712/712 760/760/760 761/761/761
f 712/712/712 761/761/761 713/713/713
f 713/713/713 761/761/761 762/762/762
f 713/713/713 762/762/762 714/714/714
f 714/714/714 762/762/762 763/763/763
f 714/714/714 763/763/763 715/715/715
f 715/715/715 763/763/763 764/764/764
f 715/715/715 764/764/764 716/716/716
f 716/716/716 764/764/764 765/765/765
f 716/716/716 765/765/765 717/717/717
f 717/717/717 765/765/765 766/766/766
f 717/717/717 766/766/766 718/718/718
f 718/718/718 766/766/766 767/767/767
f 718/718/718 767/767/767 719/719/719
f 719/719/719 767/767/767 768/768/768
f 719/719/719 768/768/768 720/720/720
f 720/720/720 768/768/768 769/769/769
f 720/720/720 769/769/769 721/721/721
f 721/721/721 769/769/769 770/770/770
f 721/721/721 770/770/770 722/722/722
f 722/722/722 770/770/770 771/771/771
f 722/722/722 771/771/771 723/723/723
f 723/723/723 771/771/771 772/772/772
f 723/723/723 772/772/772 724/724/724
f 724/724/724 772/772/772 773/773/773
f 724/724/724 773/773/773 725/725/725
f 725/725/725 773/773/773 774/774/774
f 725/725/725 774/774/774 726/726/726
f 726/726/726 774/774/774 775/775/775
f 726/726/726 775/775/775 727/727/727
f 727/727/727 775/775/775 776/776/776
f 727/727/727 776/776/776 728/728/728
f 728/728/728 776/776/776 777/777/777
f 728/728/728 777/777/777 729/729/729
f 729/729/729 777/777/777 778/778/778
f 729/729/729 778/778/778 730/730/730
f 730/730/730 778/778/778 779/779/779
f 730/730/730 779/779/779 731/731/731
f 731/731/731 779/779/779 780/780/780
f 731/731/731 780/780/780 732/732/732
f 732/732/732 780/780/780 781/781/781
f 732/732/732 781/781/781 733/733/733
f 733/733/733 781/781/781 782/782/782
f 733/733/733 782/782/782 734/734/734
f 734/734/734 782/782/782 783/783/783
f 734/734/734 783/783/783 735/735/735
f 735/735/735 783/783/783 784/784/784
f 736/736/736 785/785/785 737/737/737
f 737/737/737 785/785/785 786/786/786
f 737/737/737 786/786/786 738/738/738
f 738/738/738 786/786/786 787/787/787
f 738/738/738 787/787/787 739/739/739
f 739/739/739 787/787/787 788/788/788
f 739/739/739 788/788/788 740/740/740
f 740/740/740 788/788/788 789/789/789
f 740/740/740 789/789/789 741/741/741
f 741/741/741 789/789/789 790/790/790
f 741/741/741 790/790/790 742/742/742
f 742/742/742 790/790/790 791/791/791
f 742/742/742 791/791/791 743/743/743
f 743/743/743 791/791/791 792/792/792
f 743/743/743 792/792/792 744/744/744
f 744/744/744 792/792/792 793/793/793
f 744/744/744 793/793/793 745/745/745
f 745/745/745 793/793/793 794/794/794
f 745/745/745 794/794/794 746/746/746
f 746/746/746 794/794/794 795/795/795
f 746/746/746 795/795/795 747/747/747
f 747/747/747 795/795/795 796/796/796
f 747/747/747 796/796/796 748/748/748
f 748/748/748 796/796/796 797/797/797
f 748/748/748 797/797/797 749/749/749
f 749/749/749 797/797/797 798/798/798
f 749/749/749 798/798/798 750/750/750
f 750/750/750 798/798/798 799/799/799
f 750/750/750 799/799/799 751/751/751
f 751/751/751 799/799/799 800/800/800
f 751/751/751 800/800/800 752/752/752
f 752/752/752 800/800/800 801/801/801
f 752/752/752 801/801/801 753/753/753
f 753/753/753 801/801/801 802/802/802
f 753/753/753 802/802/802 754/754/754
f 754/754/754 802/802/802 803/803/803
f 754/754/754 803/803/803 755/755/755
f 755/755/755 803/803/803 804/804/804
f 755/755/755 804/804/804 756/756/756
f 756/756/756 804/804/804 805/805/805
f 756/756/756 805/805/805 757/757/757
f 757/757/757 805/805/805 806/806/806
f 757/757/757 806/806/806 758/758/758
f 758/758/758 806/806/806 807/807/807
f 758/758/758 807/807/807 759/759/759
f 759/759/759 807/807/807 808/808/808
f 759/759/759 808/808/808 760/760/760
f 760/760/760 808/808/808 809/809/809
f 760/760/760 809/809/809 761/761/761
f 761/761/761 809/809/809 810/810/810
f 761/761/761 810/810/810 762/762/762
f 762/762/762 810/810/810 811/811/811
f 762/762/762 811/811/811 763/763/763
f 763/763/763 811/811/811 812/812/812
f 763/763/763 812/812/812 764/764/764
f 764/764/764 812/812/812 813/813/813
f 764/764/764 813/813/813 765/765/765
f 765/765/765 813/813/813 814/814/814
f 765/765/765 814/814/814 766/766/766
f 766/766/766 814/814/814 815/815/815
f 766/766/766 815/815/815 767/767/767
f 767/767/767 815/815/815 816/816/816
f 767/767/767 816/816/816 768/768/768
f 768/768/768 816/816/816 817/817/817
f 768/768/768 817/817/817 769/769/769
f 769/769/769 817/817/817 818/818/818
f 769/769/769 818/818/818 770/770/770
f 770/770/770 818/818/818 819/819/819
f 770/770/770 819/819/819 771/771/771
f 771/771/771 819/819/819 820/820/820
f 771/771/771 820/820/820 772/772/772
f 772/772/772 820/820/820 821/821/821
f 772/772/772 821/821/821 773/773/773
f 773/773/773 821/821/821 822/822/822
f 773/773/773 822/822/822 774/774/774
f 774/774/774 822/822/822 823/823/823
f 774/774/774 823/823/823 775/775/775
f 775/775/775 823/823/823 824/824/824
f 775/775/775 824/824/824 776/776/776
f 776/776/776 824/824/824 825/825/825
f 776/776/776 825/825/825 777/777/777
f 777/777/777 825/825/825 826/826/826
f 777/777/777 826/826/826 778/778/778
f 778/778/778 826/826/826 827/827/827
f 778/778/778 827/827/827 779/779/779
f 779/779/779 827/827/827 828/828/828
f 779/779/779 828/828/828 780/780/780
f 780/780/780 828/828/828 829/829/829
f 780/780/780 829/829/829 781/781/781
f 781/781/781 829/829/829 830/830/830
f 781/781/781 830/830/830 782/782/782
f 782/782/782 830/830/830 831/831/831
f 782/782/782 831/831/831 783/783/783
f 783/783/783 831/831/831 832/832/832
f 783/783/783 832/832/832 784/784/784
f 784/784/784 832/832/832 833/833/833
f 785/785/785 834/834/834 786/786/786
f 786/786/786 834/834/834 835/835/835
f 786/786/786 835/835/835 787/787/787
f 787/787/787 835/835/835 836/836/836
f 787/787/787 836/836/836 788/788/788
f 788/788/788 836/836/836 837/837/837
f 788/788/788 837/837/837 789/789/789
f 789/789/789 837/837/837 838/838/838
f 789/789/789 838/838/838 790/790/790
f 790/790/790 838/838/838 839/839/839
f 790/790/790 839/839/839 791/791/791
f 791/791/791 839/839/839 840/840/840
f 791/791/791 840/840/840 792/792/792
f 792/792/792 840/840/840 841/841/841
f 792/792/792 841/841/841 793/793/793
f 793/793/793 841/841/841 842/842/842
f 793/793/793 842/842/842 794/794/794
f 794/794/794 842/842/842 843/843/843
f 794/794/794 843/843/843 795/795/795
f 795/795/795 843/843/843 844/844/844
f 795/795/795 844/844/844 796/796/796
f 796/796/796 844/844/844 845/845/845
f 796/796/796 845/845/845 797/797/797
f 797/797/797 845/845/845 846/846/846
f 797/797/797 846/846/846 798/798/798
f 798/798/798 846/846/846 847/847/847
f 798/798/798 847/847/847 799/799/799
f 799/799/799 847/847/847 848/848/848
f 799/799/799 848/848/848 800/800/800
f 800/800/800 848/848/848 849/849/849
f 800/800/800 849/849/849 801/801/801
f 801/801/801 849/849/849 850/850/850
f 801/801/801 850/850/850 802/802/802
f 802/802/802 850/850/850 851/851/851
f 802/802/802 851/851/851 803/803/803
f 803/803/803 851/851/851 852/852/852
f 803/803/803 852/852/852 804/804/804
f 804/804/804 852/852/852 853/853/853
f 804/804/804 853/853/853 805/805/805
f 805/805/805 853/853/853 854/854/854
f 805/805/805 854/854/854 806/806/806
f 806/806/806 854/854/854 855/855/855
f 806/806/806 855/855/855 807/807/807
f 807/807/807 855/855/855 856/856/856
f 807/807/807 856/856/856 808/808/808
f 808/808/808 856/856/856 857/857/857
f 808/808/808 857/857/857 809/809/809
f 809/809/809 857/857/857 858/858/858
f 809/809/809 858/858/858 810/810/810
f 810/810/810 858/858/858 859/859/859
f 810/810/810 859/859/859 811/811/811
f 811/811/811 859/859/859 860/860/860
f 811/811/811 860/860/860 812/812/812
f 812/812/812 860/860/860 861/861/861
f 812/812/812 861/861/861 813/813/813
f 813/813/813 861/861/861 862/862/862
f 813/813/813 862/862/862 814/814/814
f 814/814/814 862/862/862 863/863/863
f 814/814/814 863/863/863 815/815/815
f 815/815/815 863/863/863 864/864/864
f 815/815/815 864/864/864 816/816/816
f 816/816/816 864/864/864 865/865/865
f 816/816/816 865/865/865 817/817/817
f 817/817/817 865/865/865 866/866/866
f 817/817/817 866/866/866 818/818/818
f 818/818/818 866/866/866 867/867/867
f 818/818/818 867/867/867 819/819/819
f 819/819/819 867/867/867 868/868/868
f 819/819/819 868/868/868 820/820/820
f 820/820/820 868/868/868 869/869/869
f 820/820/820 869/869/869 821/821/821
f 821/821/821 869/869/869 870/870/870
f 821/821/821 870/870/870 822/822/822
f 822/822/822 870/870/870 871/871/871
f 822/822/822 871/871/871 823/823/823
f 823/823/823 871/871/871 872/872/872
f 823/823/823 872/872/872 824/824/824
f 824/824/824 872/872/872 873/873/873
f 824/824/824 873/873/873 825/825/825
f 825/825/825 873/873/873 874/874/874
f 825/825/825 874/874/874 826/826/826
f 826/826/826 874/874/874 875/875/875
f 826/826/826 875/875/875 827/827/827
f 827/827/827 875/875/875 876/876/876
f 827/827/827 876/876/876 828/828/828
f 828/828/828 876/876/876 877/877/877
f 828/828/828 877/877/877 829/829/829
f 829/829/829 877/877/877 878/878/878
f 829/829/829 878/878/878 830/830/830
f 830/830/830 878/878/878 879/879/879
f 830/830/830 879/879/879 831/831/831
f 831/831/831 879/879/879 880/880/880
f 831/831/831 880/880/880 832/832/832
f 832/832/832 880/880/880 881/881/881
f 832/832/832 881/881/881 833/833/833
f 833/833/833 881/881/881 882/882/882
f 834/834/834 883/883/883 835/835/835
f 835/835/835 883/883/883 884/884/884
f 835/835/835 884/884/884 836/836/836
f 836/836/836 884/884/884 885/885/885
f 836/836/836 885/885/885 837/837/837
f 837/837/837 885/885/885 886/886/886
f 837/837/837 886/886/886 838/838/838
f 838/838/838 886/886/886 887/887/887
f 838/838/838 887/887/887 839/839/839
f 839/839/839 887/887/887 888/888/888
f 839/839/839 888/888/888 840/840/840
f 840/840/840 888/888/888 889/889/889
f 840/840/840 889/889/889 841/841/841
f 841/841/841 889/889/889 890/890/890
f 841/841/841 890/890/890 842/842/842
f 842/842/842 890/890/890 891/891/891
f 842/842/842 891/891/891 843/843/843
f 843/843/843 891/891/891 892/892/892
f 843/843/843 892/892/892 844/844/844
f 844/844/844 892/892/892 893/893/893
f 844/844/844 893/893/893 845/845/845
f 845/845/845 893/893/893 894/894/894
f 845/845/845 894/894/894 846/846/846
f 846/846/846 894/894/894 895/895/895
f 846/846/846 895/895/895 847/847/847
f 847/847/847 895/895/895 896/896/896
f 847/847/847 896/896/896 848/848/848
f 848/848/848 896/896/896 897/897/897
f 848/848/848 897/897/897 849/849/849
f 849/849/849 897/897/897 898/898/898
f 849/849/849 898/898/898 850/850/850
f 850/850/850 898/898/898 899/899/899
f 850/850/850 899/899/899 851/851/851
f 851/851/851 899/899/899 900/900/900
f 851/851/851 900/900/900 852/852/852
f 852/852/852 900/900/900 901/901/901
f 852/852/852 901/901/901 853/853/853
f 853/853/853 901/901/901 902/902/902
f 853/853/853 902/902/902 854/854/854
f 854/854/854 902/902/902 903/903/903
f 854/854/854 903/903/903 855/855/855
f 855/855/855 903/903/903 904/904/904
f 855/855/855 904/904/904 856/856/856
f 856/856/856 904/904/904 905/905/905
f 856/856/856 905/905/905 857/857/857
f 857/857/857 905/905/905 906/906/906
f 857/857/857 906/906/906 858/858/858
f 858/858/858 906/906/906 907/907/907
f 858/858/858 907/907/907 859/859/859
f 859/859/859 907/907/907 908/908/908
f 859/859/859 908/908/908 860/860/860
f 860/860/860 908/908/908 909/909/909
f 860/860/860 909/909/909 861/861/861
f 861/861/861 909/909/909 910/910/910
f 861/861/861 910/910/910 862/862/862
f 862/862/862 910/910/910 911/911/911
f 862/862/862 911/911/911 863/863/863
f 863/863/863 911/911/911 912/912/912
f 863/863/863 912/912/912 864/864/864
f 864/864/864 912/912/912 913/913/913
f 864/864/864 913/913/913 865/865/865
f 865/865/865 913/913/913 914/914/914
f 865/865/865 914/914/914 866/866/866
f 866/866/866 914/914/914 915/915/915
f 866/866/866 915/915/915 867/867/867
f 867/867/867 915/915/915 916/916/916
f 867/867/867 916/916/916 868/868/868
f 868/868/868 916/916/916 917/917/917
f 868/868/868 917/917/917 869/869/869
f 869/869/869 917/917/917 918/918/918
f 869/869/869 918/918/918 870/870/870
f 870/870/870 918/918/918 919/919/919
f 870/870/870 919/919/919 871/871/871
f 871/871/871 919/919/919 920/920/920
f 871/871/871 920/920/920 872/872/872
f 872/872/872 920/920/920 921/921/921
f 872/872/872 921/921/921 873/873/873
f 873/873/873 921/921/921 922/922/922
f 873/873/873 922/922/922 874/874/874
f 874/874/874 922/922/922 923/923/923
f 874/874/874 923/923/923 875/875/875
f 875/875/875 923/923/923 924/924/924
f 875/875/875 924/924/924 876/876/876
f 876/876/876 924/924/924 925/925/925
f 876/876/876 925/925/925 877/877/877
f 877/877/877 925/925/925 926/926/926
f 877/877/877 926/926/926 878/878/878
f 878/878/878 926/926/926 927/927/927
f 878/878/878 927/927/927 879/879/879
f 879/879/879 927/927/927 928/928/928
f 879/879/879 928/928/928 880/880/880
f 880/880/880 928/928/928 929/929/929
f 880/880/880 929/929/929 881/881/881
f 881/881/881 929/929/929 930/930/930
f 881/881/881 930/930/930 882/882/882
f 882/882/882 930/930/930 931/931/931
f 883/883/883 932/932/932 884/884/884
f 884/884/884 932/932/932 933/933/933
f 884/884/884 933/933/933 885/885/885
f 885/885/885 933/933/933 934/934/934
f 885/885/885 934/934/934 886/886/886
f 886/886/886 934/934/934 935/935/935
f 886/886/886 935/935/935 887/887/887
f 887/887/887 935/935/935 936/936/936
f 887/887/887 936/936/936 888/888/888
f 888/888/888 936/936/936 937/937/937
f 888/888/888 937/937/937 889/889/889
f 889/889/889 937/937/937 938/938/938
f 889/889/889 938/938/938 890/890/890
f 890/890/890 938/938/938 939/939/939
f 890/890/890 939/939/939 891/891/891
f 891/891/891 939/939/939 940/940/940
f 891/891/891 940/940/940 892/892/892
f 892/892/892 940/940/940 941/941/941
f 892/892/892 941/941/941 893/893/893
f 893/893/893 941/941/941 942/942/942
f 893/893/893 942/942/942 894/894/894
f 894/894/894 942/942/942 943/943/943
f 894/894/894 943/943/943 895/895/895
f 895/895/895 943/943/943 944/944/944
f 895/895/895 944/944/944 896/896/896
f 896/896/896 944/944/944 945/945/945
f 896/896/896 945/945/945 897/897/897
f 897/897/897 945/945/945 946/946/946
f 897/897/897 946/946/946 898/898/898
f 898/898/898 946/946/946 947/947/947
f 898/898/898 947/947/947 899/899/899
f 899/899/899 947/947/947 948/948/948
f 899/899/899 948/948/948 900/900/900
f 900/900/900 948/948/948 949/949/949
f 900/900/900 949/949/949 901/901/901
f 901/901/901 949/949/949 950/950/950
f 901/901/901 950/950/950 902/902/902
f 902/902/902 950/950/950 951/951/951
f 902/902/902 951/951/951 903/903/903
f 903/903/903 951/951/951 952/952/952
f 903/903/903 952/952/952 904/904/904
f 904/904/904 952/952/952 953/953/953
f 904/904/904 953/953/953 905/905/905
f 905/905/905 953/953/953 954/954/954
f 905/905/905 954/954/954 906/906/906
f 906/906/906 954/954/954 955/955/955
f 906/906/906 955/955/955 907/907/907
f 907/907/907 955/955/955 956/956/956
f 907/907/907 956/956/956 908/908/908
f 908/908/908 956/956/956 957/957/957
f 908/908/908 957/957/957 909/909/909
f 909/909/909 957/957/957 958/958/958
f 909/909/909 958/958/958 910/910/910
f 910/910/910 958/958/958 959/959/959
f 910/910/910 959/959/959 911/911/911
f 911/911/911 959/959/959 960/960/960
f 911/911/911 960/960/960 912/912/912
f 912/912/912 960/960/960 961/961/961
f 912/912/912 961/961/961 913/913/913
f 913/913/913 961/961/961 962/962/962
f 913/913/913 962/962/962 914/914/914
f 914/914/914 962/962/962 963/963/963
f 914/914/914 963/963/963 915/915/915
f 915/915/915 963/963/963 964/964/964
f 915/915/915 964/964/964 916/916/916
f 916/916/916 964/964/964 965/965/965
f 916/916/916 965/965/965 917/917/917
f 917/917/917 965/965/965 966/966/966
f 917/917/917 966/966/966 918/918/918
f 918/918/918 966/966/966 967/967/967
f 918/918/918 967/967/967 919/919/919
f 919/919/919 967/967/967 968/968/968
f 919/919/919 968/968/968 920/920/920
f 920/920/920 968/968/968 969/969/969
f 920/920/920 969/969/969 921/921/921
f 921/921/921 969/969/969 970/970/970
f 921/921/921 970/970/970 922/922/922
f 922/922/922 970/970/970 971/971/971
f 922/922/922 971/971/971 923/923/923
f 923/923/923 971/971/971 972/972/972
f 923/923/923 972/972/972 924/924/924
f 924/924/924 972/972/972 973/973/973
f 924/924/924 973/973/973 925/925/925
f 925/925/925 973/973/973 974/974/974
f 925/925/925 974/974/974 926/926/926
f 926/926/926 974/974/974 975/975/975
f 926/926/926 975/975/975 927/927/927
f 927/927/927 975/975/975 976/976/976
f 927/927/927 976/976/976 928/928/928
f 928/928/928 976/976/976 977/977/977
f 928/928/928 977/977/977 929/929/929
f 929/929/929 977/977/977 978/978/978
f 929/929/929 978/978/978 930/930/930
f 930/930/930 978/978/978 979/979/979
f 930/930/930 979/979/979 931/931/931
f 931/931/931 979/979/979 980/980/980
f 932/932/932 981/981/981 933/933/933
f 933/933/933 981/981/981 982/982/982
f 933/933/933 982/982/982 934/934/934
f 934/934/934 982/982/982 983/983/983
f 934/934/934 983/983/983 935/935/935
f 935/935/935 983/983/983 984/984/984
f 935/935/935 984/984/984 936/936/936
f 936/936/936 984/984/984 985/985/985
f 936/936/936 985/985/985 937/937/937
f 937/937/937 985/985/985 986/986/986
f 937/937/937 986/986/986 938/938/938
f 938/938/938 986/986/986 987/987/987
f 938/938/938 987/987/987 939/939/939
f 939/939/939 987/987/987 988/988/988
f 939/939/939 988/988/988 940/940/940
f 940/940/940 988/988/988 989/989/989
f 940/940/940 989/989/989 941/941/941
f 941/941/941 989/989/989 990/990/990
f 941/941/941 990/990/990 942/942/942
f 942/942/942 990/990/990 991/991/991
f 942/942/942 991/991/991 943/943/943
f 943/943/943 991/991/991 992/992/992
f 943/943/943 992/992/992 944/944/944
f 944/944/944 992/992/992 993/993/993
f 944/944/944 993/993/993 945/945/945
f 945/945/945 993/993/993 994/994/994
f 945/945/945 994/994/994 946/946/946
f 946/946/946 994/994/994 995/995/995
f 946/946/946 995/995/995 947/947/947
f 947/947/947 995/995/995 996/996/996
f 947/947/947 996/996/996 948/948/948
f 948/948/948 996/996/996 997/997/997
f 948/948/948 997/997/997 949/949/949
f 949/949/949 997/997/997 998/998/998
f 949/949/949 998/998/998 950/950/950
f 950/950/950 998/998/998 999/999/999
f 950/950/950 999/999/999 951/951/951
f 951/951/951 999/999/999 1000/1000/1000
f 951/951/951 1000/1000/1000 952/952/952
f 952/952/952 1000/1000/1000 1001/1001/1001
f 952/952/952 1001/1001/1001 953/953/953
f 953/953/953 1001/1001/1001 1002/1002/1002
f 953/953/953 1002/1002/1002 954/954/954
f 954/954/954 1002/1002/1002 1003/1003/1003
f 954/954/954 1003/1003/1003 955/955/955
f 955/955/955 1003/1003/1003 1004/1004/1004
f 955/955/955 1004/1004/1004 956/956/956
f 956/956/956 1004/1004/1004 1005/1005/1005
f 956/956/956 1005/1005/1005 957/957/957
f 957/957/957 1005/1005/1005 1006/1006/1006
f 957/957/957 1006/1006/1006 958/958/958
f 958/958/958 1006/1006/1006 1007/1007/1007
f 958/958/958 1007/1007/1007 959/959/959
f 959/959/959 1007/1007/1007 1008/1008/1008
f 959/959/959 1008/1008/1008 960/960/960
f 960/960/960 1008/1008/1008 1009/1009/1009
f 960/960/960 1009/1009/1009 961/961/961
f 961/961/961 1009/1009/1009 1010/1010/1010
f 961/961/961 1010/1010/1010 962/962/962
f 962/962/962 1010/1010/1010 1011/1011/1011
f 962/962/962 1011/1011/1011 963/963/963
f 963/963/963 1011/1011/1011 1012/1012/1012
f 963/963/963 1012/1012/1012 964/964/964
f 964/964/964 1012/1012/1012 1013/1013/1013
f 964/964/964 1013/1013/1013 965/965/965
f 965/965/965 1013/1013/1013 1014/1014/1014
f 965/965/965 1014/1014/1014 966/966/966
f 966/966/966 1014/1014/1014 1015/1015/1015
f 966/966/966 1015/1015/1015 967/967/967
f 967/967/967 1015/1015/1015 1016/1016/1016
f 967/967/967 1016/1016/1016 968/968/968
f 968/968/968 1016/1016/1016 1017/1017/1017
f 968/968/968 1017/1017/1017 969/969/969
f 969/969/969 1017/1017/1017 1018/1018/1018
f 969/969/969 1018/1018/1018 970/970/970
f 970/970/970 1018/1018/1018 1019/1019/1019
f 970/970/970 1019/1019/1019 971/971/971
f 971/971/971 1019/1019/1019 1020/1020/1020
f 971/971/971 1020/1020/1020 972/972/972
f 972/972/972 1020/1020/1020 1021/1021/1021
f 972/972/972 1021/1021/1021 973/973/973
f 973/973/973 1021/1021/1021 1022/1022/1022
f 973/973/973 1022/1022/1022 974/974/974
f 974/974/974 1022/1022/1022 1023/1023/1023
f 974/974/974 1023/1023/1023 975/975/975
f 975/975/975 1023/1023/1023 1024/1024/1024
f 975/975/975 1024/1024/1024 976/976/976
f 976/976/976 1024/1024/1024 1025/1025/1025
f 976/976/976 1025/1025/1025 977/977/977
f 977/977/977 1025/1025/1025 1026/1026/1026
f 977/977/977 1026/1026/1026 978/978/978
f 978/978/978 1026/1026/1026 1027/1027/1027
f 978/978/978 1027/1027/1027 979/979/979
f 979/979/979 1027/1027/1027 1028/1028/1028
f 979/979/979 1028/1028/1028 980/980/980
f 980/980/980 1028/1028/1028 1029/1029/1029
f 981/981/981 1030/1030/1030 982/982/982
f 982/982/982 1030/1030/1030 1031/1031/1031
f 982/982/982 1031/1031/1031 983/983/983
f 983/983/983 1031/1031/1031 1032/1032/1032
f 983/983/983 1032/1032/1032 984/984/984
f 984/984/984 1032/1032/1032 1033/1033/1033
f 984/984/984 1033/1033/1033 985/985/985
f 985/985/985 1033/1033/1033 1034/1034/1034
f 985/985/985 1034/1034/1034 986/986/986
f 986/986/986 1034/1034/1034 1035/1035/1035
f 986/986/986 1035/1035/1035 987/987/987
f 987/987/987 1035/1035/1035 1036/1036/1036
f 987/987/987 1036/1036/1036 988/988/988
f 988/988/988 1036/1036/1036 1037/1037/1037
f 988/988/988 1037/1037/1037 989/989/989
f 989/989/989 1037/1037/1037 1038/1038/1038
f 989/989/989 1038/1038/1038 990/990/990
f 990/990/990 1038/1038/1038 1039/1039/1039
f 990/990/990 1039/1039/1039 991/991/991
f 991/991/991 1039/1039/1039 1040/1040/1040
f 991/991/991 1040/1040/1040 992/992/992
f 992/992/992 1040/1040/1040 1041/1041/1041
f 992/992/992 1041/1041/1041 993/993/993
f 993/993/993 1041/1041/1041 1042/1042/1042
f 993/993/993 1042/1042/1042 994/994/994
f 994/994/994 1042/1042/1042 1043/1043/1043
f 994/994/994 1043/1043/1043 995/995/995
f 995/995/995 1043/1043/1043 1044/1044/1044
f 995/995/995 1044/1044/1044 996/996/996
f 996/996/996 1044/1044/1044 1045/1045/1045
f 996/996/996 1045/1045/1045 997/997/997
f 997/997/997 1045/1045/1045 1046/1046/1046
f 997/997/997 1046/1046/1046 998/998/998
f 998/998/998 1046/1046/1046 1047/1047/1047
f 998/998/998 1047/1047/1047 999/999/999
f 999/999/999 1047/1047/1047 1048/1048/1048
f 999/999/999 1048/1048/1048 1000/1000/1000
f 1000/1000/1000 1048/1048/1048 1049/1049/1049
f 1000/1000/1000 1049/1049/1049 1001/1001/1001
f 1001/1001/1001 1049/1049/1049 1050/1050/1050
f 1001/1001/1001 1050/1050/1050 1002/1002/1002
f 1002/1002/1002 1050/1050/1050 1051/1051/1051
f 1002/1002/1002 1051/1051/1051 1003/1003/1003
f 1003/1003/1003 1051/1051/1051 1052/1052/1052
f 1003/1003/1003 1052/1052/1052 1004/1004/1004
f 1004/1004/1004 1052/1052/1052 1053/1053/1053
f 1004/1004/1004 1053/1053/1053 1005/1005/1005
f 1005/1005/1005 1053/1053/1053 1054/1054/1054
f 1005/1005/1005 1054/1054/1054 1006/1006/1006
f 1006/1006/1006 1054/1054/1054 1055/1055/1055
f 1006/1006/1006 1055/1055/1055 1007/1007/1007
f 1007/1007/1007 1055/1055/1055 1056/1056/1056
f 1007/1007/1007 1056/1056/1056 1008/1008/1008
f 1008/1008/1008 1056/1056/1056 1057/1057/1057
f 1008/1008/1008 1057/1057/1057 1009/1009/1009
f 1009/1009/1009 1057/1057/1057 1058/1058/1058
f 1009/1009/1009 1058/1058/1058 1010/1010/1010
f 1010/1010/1010 1058/1058/1058 1059/1059/1059
f 1010/1010/1010 1059/1059/1059 1011/1011/1011
f 1011/1011/1011 1059/1059/1059 1060/1060/1060
f 1011/1011/1011 1060/1060/1060 1012/1012/1012
f 1012/1012/1012 1060/1060/1060 1061/1061/1061
f 1012/1012/1012 1061/1061/1061 1013/1013/1013
f 1013/1013/1013 1061/1061/1061 1062/1062/1062
f 1013/1013/1013 1062/1062/1062 1014/1014/1014
f 1014/1014/1014 1062/1062/1062 1063/1063/1063
f 1014/1014/1014 1063/1063/1063 1015/1015/1015
f 1015/1015/1015 1063/1063/1063 1064/1064/1064
f 1015/1015/1015 1064/1064/1064 1016/1016/1016
f 1016/1016/1016 1064/1064/1064 1065/1065/1065
f 1016/1016/1016 1065/1065/1065 1017/1017/1017
f 1017/1017/1017 1065/1065/1065 1066/1066/1066
f 1017/1017/1017 1066/1066/1066 1018/1018/1018
f 1018/1018/1018 1066/1066/1066 1067/1067/1067
f 1018/1018/1018 1067/1067/1067 1019/1019/1019
f 1019/1019/1019 1067/1067/1067 1068/1068/1068
f 1019/1019/1019 1068/1068/1068 1020/1020/1020
f 1020/1020/1020 1068/1068/1068 1069/1069/1069
f 1020/1020/1020 1069/1069/1069 1021/1021/1021
f 1021/1021/1021 1069/1069/1069 1070/1070/1070
f 1021/1021/1021 1070/1070/1070 1022/1022/1022
f 1022/1022/1022 1070/1070/1070 1071/1071/1071
f 1022/1022/1022 1071/1071/1071 1023/1023/1023
f 1023/1023/1023 1071/1071/1071 1072/1072/1072
f 1023/1023/1023 1072/1072/1072 1024/1024/1024
f 1024/1024/1024 1072/1072/1072 1073/1073/1073
f 1024/1024/1024 1073/1073/1073 1025/1025/1025
f 1025/1025/1025 1073/1073/1073 1074/1074/1074
f 1025/1025/1025 1074/1074/1074 1026/1026/1026
f 1026/1026/1026 1074/1074/1074 1075/1075/1075
f 1026/1026/1026 1075/1075/1075 1027/1027/1027
f 1027/1027/1027 1075/1075/1075 1076/1076/1076
f 1027/1027/1027 1076/1076/1076 1028/1028/1028
f 1028/1028/1028 1076/1076/1076 1077/1077/1077
f 1028/1028/1028 1077/1077/1077 1029/1029/1029
f 1029/1029/1029 1077/1077/1077 1078/1078/1078
f 1030/1030/1030 1079/1079/1079 1031/1031/1031
f 1031/1031/1031 1079/1079/1079 1080/1080/1080
f 1031/1031/1031 1080/1080/1080 1032/1032/1032
f 1032/1032/1032 1080/1080/1080 1081/1081/1081
f 1032/1032/1032 1081/1081/1081 1033/1033/1033
f 1033/1033/1033 1081/1081/1081 1082/1082/1082
f 1033/1033/1033 1082/1082/1082 1034/1034/1034
f 1034/1034/1034 1082/1082/1082 1083/1083/1083
f 1034/1034/1034 1083/1083/1083 1035/1035/1035
f 1035/1035/1035 1083/1083/1083 1084/1084/1084
f 1035/1035/1035 1084/1084/1084 1036/1036/1036
f 1036/1036/1036 1084/1084/1084 1085/1085/1085
f 1036/1036/1036 1085/1085/1085 1037/1037/1037
f 1037/1037/1037 1085/1085/1085 1086/1086/1086
f 1037/1037/1037 1086/1086/1086 1038/1038/1038
f 1038/1038/1038 1086/1086/1086 1087/1087/1087
f 1038/1038/1038 1087/1087/1087 1039/1039/1039
f 1039/1039/1039 1087/1087/1087 1088/1088/1088
f 1039/1039/1039 1088/1088/1088 1040/1040/1040
f 1040/1040/1040 1088/1088/1088 1089/1089/1089
f 1040/1040/1040 1089/1089/1089 1041/1041/1041
f 1041/1041/1041 1089/1089/1089 1090/1090/1090
f 1041/1041/1041 1090/1090/1090 1042/1042/1042
f 1042/1042/1042 1090/1090/1090 1091/1091/1091
f 1042/1042/1042 1091/1091/1091 1043/1043/1043
f 1043/1043/1043 1091/1091/1091 1092/1092/1092
f 1043/1043/1043 1092/1092/1092 1044/1044/1044
f 1044/1044/1044 1092/1092/1092 1093/1093/1093
f 1044/1044/1044 1093/1093/1093 1045/1045/1045
f 1045/1045/1045 1093/1093/1093 1094/1094/1094
f 1045/1045/1045 1094/1094/1094 1046/1046/1046
f 1046/1046/1046 1094/1094/1094 1095/1095/1095
f 1046/1046/1046 1095/1095/1095 1047/1047/1047
f 1047/1047/1047 1095/1095/1095 1096/1096/1096
f 1047/1047/1047 1096/1096/1096 1048/1048/1048
f 1048/1048/1048 1096/1096/1096 1097/1097/1097
f 1048/1048/1048 1097/1097/1097 1049/1049/1049
f 1049/1049/1049 1097/1097/1097 1098/1098/1098
f 1049/1049/1049 1098/1098/1098 1050/1050/1050
f 1050/1050/1050 1098/1098/1098 1099/1099/1099
f 1050/1050/1050 1099/1099/1099 1051/1051/1051
f 1051/1051/1051 1099/1099/1099 1100/1100/1100
f 1051/1051/1051 1100/1100/1100 1052/1052/1052
f 1052/1052/1052 1100/1100/1100 1101/1101/1101
f 1052/1052/1052 1101/1101/1101 1053/1053/1053
f 1053/1053/1053 1101/1101/1101 1102/1102/1102
f 1053/1053/1053 1102/1102/1102 1054/1054/1054
f 1054/1054/1054 1102/1102/1102 1103/1103/1103
f 1054/1054/1054 1103/1103/1103 1055/1055/1055
f 1055/1055/1055 1103/1103/1103 1104/1104/1104
f 1055/1055/1055 1104/1104/1104 1056/1056/1056
f 1056/1056/1056 1104/1104/1104 1105/1105/1105
f 1056/1056/1056 1105/1105/1105 1057/1057/1057
f 1057/1057/1057 1105/1105/1105 1106/1106/1106
f 1057/1057/1057 1106/1106/1106 1058/1058/1058
f 1058/1058/1058 1106/1106/1106 1107/1107/1107
f 1058/1058/1058 1107/1107/1107 1059/1059/1059
f 1059/1059/1059 1107/1107/1107 1108/1108/1108
f 1059/1059/1059 1108/1108/1108 1060/1060/1060
f 1060/1060/1060 1108/1108/1108 1109/1109/1109
f 1060/1060/1060 1109/1109/1109 1061/1061/1061
f 1061/1061/1061 1109/1109/1109 1110/1110/1110
f 1061/1061/1061 1110/1110/1110 1062/1062/1062
f 1062/1062/1062 1110/1110/1110 1111/1111/1111
f 1062/1062/1062 1111/1111/1111 1063/1063/1063
f 1063/1063/1063 1111/1111/1111 1112/1112/1112
f 1063/1063/1063 1112/1112/1112 1064/1064/1064
f 1064/1064/1064 1112/1112/1112 1113/1113/1113
f 1064/1064/1064 1113/1113/1113 1065/1065/1065
f 1065/1065/1065 1113/1113/1113 1114/1114/1114
f 1065/1065/1065 1114/1114/1114 1066/1066/1066
f 1066/1066/1066 1114/1114/1114 1115/1115/1115
f 1066/1066/1066 1115/1115/1115 1067/1067/1067
f 1067/1067/1067 1115/1115/1115 1116/1116/1116
f 1067/1067/1067 1116/1116/1116 1068/1068/1068
f 1068/1068/1068 1116/1116/1116 1117/1117/1117
f 1068/1068/1068 1117/1117/1117 1069/1069/1069
f 1069/1069/1069 1117/1117/1117 1118/1118/1118
f 1069/1069/1069 1118/1118/1118 1070/1070/1070
f 1070/1070/1070 1118/1118/1118 1119/1119/1119
f 1070/1070/1070 1119/1119/1119 1071/1071/1071
f 1071/1071/1071 1119/1119/1119 1120/1120/1120
f 1071/1071/1071 1120/1120/1120 1072/1072/1072
f 1072/1072/1072 1120/1120/1120 1121/1121/1121
f 1072/1072/1072 1121/1121/1121 1073/1073/1073
f 1073/1073/1073 1121/1121/1121 1122/1122/1122
f 1073/1073/1073 1122/1122/1122 1074/1074/1074
f 1074/1074/1074 1122/1122/1122 1123/1123/1123
f 1074/1074/1074 1123/1123/1123 1075/1075/1075
f 1075/1075/1075 1123/1123/1123 1124/1124/1124
f 1075/1075/1075 1124/1124/1124 1076/1076/1076
f 1076/1076/1076 1124/1124/1124 1125/1125/1125
f 1076/1076/1076 1125/1125/1125 1077/1077/1077
f 1077/1077/1077 1125/1125/1125 1126/1126/1126
f 1077/1077/1077 1126/1126/1126 1078/1078/1078
f 1078/1078/1078 1126/1126/1126 1127/1127/1127
f 1079/1079/1079 1128/1128/1128 1080/1080/1080
f 1080/1080/1080 1128/1128/1128 1129/1129/1129
f 1080/1080/1080 1129/1129/1129 1081/1081/1081
f 1081/1081/1081 1129/1129/1129 1130/1130/1130
f 1081/1081/1081 1130/1130/1130 1082/1082/1082
f 1082/1082/1082 1130/1130/1130 1131/1131/1131
f 1082/1082/1082 1131/1131/1131 1083/1083/1083
f 1083/1083/1083 1131/1131/1131 1132/1132/1132
f 1083/1083/1083 1132/1132/1132 1084/1084/1084
f 1084/1084/1084 1132/1132/1132 1133/1133/1133
f 1084/1084/1084 1133/1133/1133 1085/1085/1085
f 1085/1085/1085 1133/1133/1133 1134/1134/1134
f 1085/1085/1085 1134/1134/1134 1086/1086/1086
f 1086/1086/1086 1134/1134/1134 1135/1135/1135
f 1086/1086/1086 1135/1135/1135 1087/1087/1087
f 1087/1087/1087 1135/1135/1135 1136/1136/1136
f 1087/1087/1087 1136/1136/1136 1088/1088/1088
f 1088/1088/1088 1136/1136/1136 1137/1137/1137
f 1088/1088/1088 1137/1137/1137 1089/1089/1089
f 1089/1089/1089 1137/1137/1137 1138/1138/1138
f 1089/1089/1089 1138/1138/1138 1090/1090/1090
f 1090/1090/1090 1138/1138/1138 1139/1139/1139
f 1090/1090/1090 1139/1139/1139 1091/1091/1091
f 1091/1091/1091 1139/1139/1139 1140/1140/1140
f 1091/1091/1091 1140/1140/1140 1092/1092/1092
f 1092/1092/1092 1140/1140/1140 1141/1141/1141
f 1092/1092/1092 1141/1141/1141 1093/1093/1093
f 1093/1093/1093 1141/1141/1141 1142/1142/1142
f 1093/1093/1093 1142/1142/1142 1094/1094/1094
f 1094/1094/1094 1142/1142/1142 1143/1143/1143
f 1094/1094/1094 1143/1143/1143 1095/1095/1095
f 1095/1095/1095 1143/1143/1143 1144/1144/1144
f 1095/1095/1095 1144/1144/1144 1096/1096/1096
f 1096/1096/1096 1144/1144/1144 1145/1145/1145
f 1096/1096/1096 1145/1145/1145 1097/1097/1097
f 1097/1097/1097 1145/1145/1145 1146/1146/1146
f 1097/1097/1097 1146/1146/1146 1098/1098/1098
f 1098/1098/1098 1146/1146/1146 1147/1147/1147
f 1098/1098/1098 1147/1147/1147 1099/1099/1099
f 1099/1099/1099 1147/1147/1147 1148/1148/1148
f 1099/1099/1099 1148/1148/1148 1100/1100/1100
f 1100/1100/1100 1148/1148/1148 1149/1149/1149
f 1100/1100/1100 1149/1149/1149 1101/1101/1101
f 1101/1101/1101 1149/1149/1149 1150/1150/1150
f 1101/1101/1101 1150/1150/1150 1102/1102/1102
f 1102/1102/1102 1150/1150/1150 1151/1151/1151
f 1102/1102/1102 1151/1151/1151 1103/1103/1103
f 1103/1103/1103 1151/1151/1151 1152/1152/1152
f 1103/1103/1103 1152/1152/1152 1104/1104/1104
f 1104/1104/1104 1152/1152/1152 1153/1153/1153
f 1104/1104/1104 1153/1153/1153 1105/1105/1105
f 1105/1105/1105 1153/1153/1153 1154/1154/1154
f 1105/1105/1105 1154/1154/1154 1106/1106/1106
f 1106/1106/1106 1154/1154/1154 1155/1155/1155
f 1106/1106/1106 1155/1155/1155 1107/1107/1107
f 1107/1107/1107 1155/1155/1155 1156/1156/1156
f 1107/1107/1107 1156/1156/1156 1108/1108/1108
f 1108/1108/1108 1156/1156/1156 1157/1157/1157
f 1108/1108/1108 1157/1157/1157 1109/1109/1109
f 1109/1109/1109 1157/1157/1157 1158/1158/1158
f 1109/1109/1109 1158/1158/1158 1110/1110/1110
f 1110/1110/1110 1158/1158/1158 1159/1159/1159
f 1110/1110/1110 1159/1159/1159 1111/1111/1111
f 1111/1111/1111 1159/1159/1159 1160/1160/1160
f 1111/1111/1111 1160/1160/1160 1112/1112/1112
f 1112/1112/1112 1160/1160/1160 1161/1161/1161
f 1112/1112/1112 1161/1161/1161 1113/1113/1113
f 1113/1113/1113 1161/1161/1161 1162/1162/1162
f 1113/1113/1113 1162/1162/1162 1114/1114/1114
f 1114/1114/1114 1162/1162/1162 1163/1163/1163
f 1114/1114/1114 1163/1163/1163 1115/1115/1115
f 1115/1115/1115 1163/1163/1163 1164/1164/1164
f 1115/1115/1115 1164/1164/1164 1116/1116/1116
f 1116/1116/1116 1164/1164/1164 1165/1165/1165
f 1116/1116/1116 1165/1165/1165 1117/1117/1117
f 1117/1117/1117 1165/1165/1165 1166/1166/1166
f 1117/1117/1117 1166/1166/1166 1118/1118/1118
f 1118/1118/1118 1166/1166/1166 1167/1167/1167
f 1118/1118/1118 1167/1167/1167 1119/1119/1119
f 1119/1119/1119 1167/1167/1167 1168/1168/1168
f 1119/1119/1119 1168/1168/1168 1120/1120/1120
f 1120/1120/1120 1168/1168/1168 1169/1169/1169
f 1120/1120/1120 1169/1169/1169 1121/1121/1121
f 1121/1121/1121 1169/1169/1169 1170/1170/1170
f 1121/1121/1121 1170/1170/1170 1122/1122/1122
f 1122/1122/1122 1170/1170/1170 1171/1171/1171
f 1122/1122/1122 1171/1171/1171 1123/1123/1123
f 1123/1123/1123 1171/1171/1171 1172/1172/1172
f 1123/1123/1123 1172/1172/1172 1124/1124/1124
f 1124/1124/1124 1172/1172/1172 1173/1173/1173
f 1124/1124/1124 1173/1173/1173 1125/1125/1125
f 1125/1125/1125 1173/1173/1173 1174/1174/1174
f 1125/1125/1125 1174/1174/1174 1126/1126/1126
f 1126/1126/1126 1174/1174/1174 1175/1175/1175
f 1126/1126/1126 1175/1175/1175 1127/1127/1127
f 1127/1127/1127 1175/1175/1175 1176/1176/1176
f 1128/1128/1128 1177/1177/1177 1129/1129/1129
f 1129/1129/1129 1177/1177/1177 1178/1178/1178
f 1129/1129/1129 1178/1178/1178 1130/1130/1130
f 1130/1130/1130 1178/1178/1178 1179/1179/1179
f 1130/1130/1130 1179/1179/1179 1131/1131/1131
f 1131/1131/1131 1179/1179/1179 1180/1180/1180
f 1131/1131/1131 1180/1180/1180 1132/1132/1132
f 1132/1132/1132 1180/1180/1180 1181/1181/1181
f 1132/1132/1132 1181/1181/1181 1133/1133/1133
f 1133/1133/1133 1181/1181/1181 1182/1182/1182
f 1133/1133/1133 1182/1182/1182 1134/1134/1134
f 1134/1134/1134 1182/1182/1182 1183/1183/1183
f 1134/1134/1134 1183/1183/1183 1135/1135/1135
f 1135/1135/1135 1183/1183/1183 1184/1184/1184
f 1135/1135/1135 1184/1184/1184 1136/1136/1136
f 1136/1136/1136 1184/1184/1184 1185/1185/1185
f 1136/1136/1136 1185/1185/1185 1137/1137/1137
f 1137/1137/1137 1185/1185/1185 1186/1186/1186
f 1137/1137/1137 1186/1186/1186 1138/1138/1138
f 1138/1138/1138 1186/1186/1186 1187/1187/1187
f 1138/1138/1138 1187/1187/1187 1139/1139/1139
f 1139/1139/1139 1187/1187/1187 1188/1188/1188
f 1139/1139/1139 1188/1188/1188 1140/1140/1140
f 1140/1140/1140 1188/1188/1188 1189/1189/1189
f 1140/1140/1140 1189/1189/1189 1141/1141/1141
f 1141/1141/1141 1189/1189/1189 1190/1190/1190
f 1141/1141/1141 1190/1190/1190 1142/1142/1142
f 1142/1142/1142 1190/1190/1190 1191/1191/1191
f 1142/1142/1142 1191/1191/1191 1143/1143/1143
f 1143/1143/1143 1191/1191/1191 1192/1192/1192
f 1143/1143/1143 1192/1192/1192 1144/1144/1144
f 1144/1144/1144 1192/1192/1192 1193/1193/1193
f 1144/1144/1144 1193/1193/1193 1145/1145/1145
f 1145/1145/1145 1193/1193/1193 1194/1194/1194
f 1145/1145/1145 1194/1194/1194 1146/1146/1146
f 1146/1146/1146 1194/1194/1194 1195/1195/1195
f 1146/1146/1146 1195/1195/1195 1147/1147/1147
f 1147/1147/1147 1195/1195/1195 1196/1196/1196
f 1147/1147/1147 1196/1196/1196 1148/1148/1148
f 1148/1148/1148 1196/1196/1196 1197/1197/1197
f 1148/1148/1148 1197/1197/1197 1149/1149/1149
f 1149/1149/1149 1197/1197/1197 1198/1198/1198
f 1149/1149/1149 1198/1198/1198 1150/1150/1150
f 1150/1150/1150 1198/1198/1198 1199/1199/1199
f 1150/1150/1150 1199/1199/1199 1151/1151/1151
f 1151/1151/1151 1199/1199/1199 1200/1200/1200
f 1151/1151/1151 1200/1200/1200 1152/1152/1152
f 1152/1152/1152 1200/1200/1200 1201/1201/1201
f 1152/1152/1152 1201/1201/1201 1153/1153/1153
f 1153/1153/1153 1201/1201/1201 1202/1202/1202
f 1153/1153/1153 1202/1202/1202 1154/1154/1154
f 1154/1154/1154 1202/1202/1202 1203/1203/1203
f 1154/1154/1154 1203/1203/1203 1155/1155/1155
f 1155/1155/1155 1203/1203/1203 1204/1204/1204
f 1155/1155/1155 1204/1204/1204 1156/1156/1156
f 1156/1156/1156 1204/1204/1204 1205/1205/1205
f 1156/1156/1156 1205/1205/1205 1157/1157/1157
f 1157/1157/1157 1205/1205/1205 1206/1206/1206
f 1157/1157/1157 1206/1206/1206 1158/1158/1158
f 1158/1158/1158 1206/1206/1206 1207/1207/1207
f 1158/1158/1158 1207/1207/1207 1159/1159/1159
f 1159/1159/1159 1207/1207/1207 1208/1208/1208
f 1159/1159/1159 1208/1208/1208 1160/1160/1160
f 1160/1160/1160 1208/1208/1208 1209/1209/1209
f 1160/1160/1160 1209/1209/1209 1161/1161/1161
f 1161/1161/1161 1209/1209/1209 1210/1210/1210
f 1161/1161/1161 1210/1210/1210 1162/1162/1162
f 1162/1162/1162 1210/1210/1210 1211/1211/1211
f 1162/1162/1162 1211/1211/1211 1163/1163/1163
f 1163/1163/1163 1211/1211/1211 1212/1212/1212
f 1163/1163/1163 1212/1212/1212 1164/1164/1164
f 1164/1164/1164 1212/1212/1212 1213/1213/1213
f 1164/1164/1164 1213/1213/1213 1165/1165/1165
f 1165/1165/1165 1213/1213/1213 1214/1214/1214
f 1165/1165/1165 1214/1214/1214 1166/1166/1166
f 1166/1166/1166 1214/1214/1214 1215/1215/1215
f 1166/1166/1166 1215/1215/1215 1167/1167/1167
f 1167/1167/1167 1215/1215/1215 1216/1216/1216
f 1167/1167/1167 1216/1216/1216 1168/1168/1168
f 1168/1168/1168 1216/1216/1216 1217/1217/1217
f 1168/1168/1168 1217/1217/1217 1169/1169/1169
f 1169/1169/1169 1217/1217/1217 1218/1218/1218
f 1169/1169/1169 1218/1218/1218 1170/1170/1170
f 1170/1170/1170 1218/1218/1218 1219/1219/1219
f 1170/1170/1170 1219/1219/1219 1171/1171/1171
f 1171/1171/1171 1219/1219/1219 1220/1220/1220
f 1171/1171/1171 1220/1220/1220 1172/1172/1172
f 1172/1172/1172 1220/1220/1220 1221/1221/1221
f 1172/1172/1172 1221/1221/1221 1173/1173/1173
f 1173/1173/1173 1221/1221/1221 1222/1222/1222
f 1173/1173/1173 1222/1222/1222 1174/1174/1174
f 1174/1174/1174 1222/1222/1222 1223/1223/1223
f 1174/1174/1174 1223/1223/1223 1175/1175/1175
f 1175/1175/1175 1223/1223/1223 1224/1224/1224
f 1175/1175/1175 1224/1224/1224 1176/1176/1176
f 1176/1176/1176 1224/1224/1224 1225/1225/1225
f 1177/1177/1177 1226/1226/1226 1178/1178/1178
f 1178/1178/1178 1226/1226/1226 1227/1227/1227
f 1178/1178/1178 1227/1227/1227 1179/1179/1179
f 1179/1179/1179 1227/1227/1227 1228/1228/1228
f 1179/1179/1179 1228/1228/1228 1180/1180/1180
f 1180/1180/1180 1228/1228/1228 1229/1229/1229
f 1180/1180/1180 1229/1229/1229 1181/1181/1181
f 1181/1181/1181 1229/1229/1229 1230/1230/1230
f 1181/1181/1181 1230/1230/1230 1182/1182/1182
f 1182/1182/1182 1230/1230/1230 1231/1231/1231
f 1182/1182/1182 1231/1231/1231 1183/1183/1183
f 1183/1183/1183 1231/1231/1231 1232/1232/1232
f 1183/1183/1183 1232/1232/1232 1184/1184/1184
f 1184/1184/1184 1232/1232/1232 1233/1233/1233
f 1184/1184/1184 1233/1233/1233 1185/1185/1185
f 1185/1185/1185 1233/1233/1233 1234/1234/1234
f 1185/1185/1185 1234/1234/1234 1186/1186/1186
f 1186/1186/1186 1234/1234/1234 1235/1235/1235
f 1186/1186/1186 1235/1235/1235 1187/1187/1187
f 1187/1187/1187 1235/1235/1235 1236/1236/1236
f 1187/1187/1187 1236/1236/1236 1188/1188/1188
f 1188/1188/1188 1236/1236/1236 1237/1237/1237
f 1188/1188/1188 1237/1237/1237 1189/1189/1189
f 1189/1189/1189 1237/1237/1237 1238/1238/1238
f 1189/1189/1189 1238/1238/1238 1190/1190/1190
f 1190/1190/1190 1238/1238/1238 1239/1239/1239
f 1190/1190/1190 1239/1239/1239 1191/1191/1191
f 1191/1191/1191 1239/1239/1239 1240/1240/1240
f 1191/1191/1191 1240/1240/1240 1192/1192/1192
f 1192/1192/1192 1240/1240/1240 1241/1241/1241
f 1192/1192/1192 1241/1241/1241 1193/1193/1193
f 1193/1193/1193 1241/1241/1241 1242/1242/1242
f 1193/1193/1193 1242/1242/1242 1194/1194/1194
f 1194/1194/1194 1242/1242/1242 1243/1243/1243
f 1194/1194/1194 1243/1243/1243 1195/1195/1195
f 1195/1195/1195 1243/1243/1243 1244/1244/1244
f 1195/1195/1195 1244/1244/1244 1196/1196/1196
f 1196/1196/1196 1244/1244/1244 1245/1245/1245
f 1196/1196/1196 1245/1245/1245 1197/1197/1197
f 1197/1197/1197 1245/1245/1245 1246/1246/1246
f 1197/1197/1197 1246/1246/1246 1198/1198/1198
f 1198/1198/1198 1246/1246/1246 1247/1247/1247
f 1198/1198/1198 1247/1247/1247 1199/1199/1199
f 1199/1199/1199 1247/1247/1247 1248/1248/1248
f 1199/1199/1199 1248/1248/1248 1200/1200/1200
f 1200/1200/1200 1248/1248/1248 1249/1249/1249
f 1200/1200/1200 1249/1249/1249 1201/1201/1201
f 1201/1201/1201 1249/1249/1249 1250/1250/1250
f 1201/1201/1201 1250/1250/1250 1202/1202/1202
f 1202/1202/1202 1250/1250/1250 1251/1251/1251
f 1202/1202/1202 1251/1251/1251 1203/1203/1203
f 1203/1203/1203 1251/1251/1251 1252/1252/1252
f 1203/1203/1203 1252/1252/1252 1204/1204/1204
f 1204/1204/1204 1252/1252/1252 1253/1253/1253
f 1204/1204/1204 1253/1253/1253 1205/1205/1205
f 1205/1205/1205 1253/1253/1253 1254/1254/1254
f 1205/1205/1205 1254/1254/1254 1206/1206/1206
f 1206/1206/1206 1254/1254/1254 1255/1255/1255
f 1206/1206/1206 1255/1255/1255 1207/1207/1207
f 1207/1207/1207 1255/1255/1255 1256/1256/1256
f 1207/1207/1207 1256/1256/1256 1208/1208/1208
f 1208/1208/1208 1256/1256/1256 1257/1257/1257
f 1208/1208/1208 1257/1257/1257 1209/1209/1209
f 1209/1209/1209 1257/1257/1257 1258/1258/1258
f 1209/1209/1209 1258/1258/1258 1210/1210/1210
f 1210/1210/1210 1258/1258/1258 1259/1259/1259
f 1210/1210/1210 1259/1259/1259 1211/1211/1211
f 1211/1211/1211 1259/1259/1259 1260/1260/1260
f 1211/1211/1211 1260/1260/1260 1212/1212/1212
f 1212/1212/1212 1260/1260/1260 1261/1261/1261
f 1212/1212/1212 1261/1261/1261 1213/1213/1213
f 1213/1213/1213 1261/1261/1261 1262/1262/1262
f 1213/1213/1213 1262/1262/1262 1214/1214/1214
f 1214/1214/1214 1262/1262/1262 1263/1263/1263
f 1214/1214/1214 1263/1263/1263 1215/1215/1215
f 1215/1215/1215 1263/1263/1263 1264/1264/1264
f 1215/1215/1215 1264/1264/1264 1216/1216/1216
f 1216/1216/1216 1264/1264/1264 1265/1265/1265
f 1216/1216/1216 1265/1265/1265 1217/1217/1217
f 1217/1217/1217 1265/1265/1265 1266/1266/1266
f 1217/1217/1217 1266/1266/1266 1218/1218/1218
f 1218/1218/1218 1266/1266/1266 1267/1267/1267
f 1218/1218/1218 1267/1267/1267 1219/1219/1219
f 1219/1219/1219 1267/1267/1267 1268/1268/1268
f 1219/1219/1219 1268/1268/1268 1220/1220/1220
f 1220/1220/1220 1268/1268/1268 1269/1269/1269
f 1220/1220/1220 1269/1269/1269 1221/1221/1221
f 1221/1221/1221 1269/1269/1269 1270/1270/1270
f 1221/1221/1221 1270/1270/1270 1222/1222/1222
f 1222/1222/1222 1270/1270/1270 1271/1271/1271
f 1222/1222/1222 1271/1271/1271 1223/1223/1223
f 1223/1223/1223 1271/1271/1271 1272/1272/1272
f 1223/1223/1223 1272/1272/1272 1224/1224/1224
f 1224/1224/1224 1272/1272/1272 1273/1273/1273
f 1224/1224/1224 1273/1273/1273 1225/1225/1225
f 1225/1225/1225 1273/1273/1273 1274/1274/1274
f 1226/1226/1226 1275/1275/1275 1227/1227/1227
f 1227/1227/1227 1275/1275/1275 1276/1276/1276
f 1227/1227/1227 1276/1276/1276 1228/1228/1228
f 1228/1228/1228 1276/1276/1276 1277/1277/1277
f 1228/1228/1228 1277/1277/1277 1229/1229/1229
f 1229/1229/1229 1277/1277/1277 1278/1278/1278
f 1229/1229/1229 1278/1278/1278 1230/1230/1230
f 1230/1230/1230 1278/1278/1278 1279/1279/1279
f 1230/1230/1230 1279/1279/1279 1231/1231/1231
f 1231/1231/1231 1279/1279/1279 1280/1280/1280
f 1231/1231/1231 1280/1280/1280 1232/1232/1232
f 1232/1232/1232 1280/1280/1280 1281/1281/1281
f 1232/1232/1232 1281/1281/1281 1233/1233/1233
f 1233/1233/1233 1281/1281/1281 1282/1282/1282
f 1233/1233/1233 1282/1282/1282 1234/1234/1234
f 1234/1234/1234 1282/1282/1282 1283/1283/1283
f 1234/1234/1234 1283/1283/1283 1235/1235/1235
f 1235/1235/1235 1283/1283/1283 1284/1284/1284
f 1235/1235/1235 1284/1284/1284 1236/1236/1236
f 1236/1236/1236 1284/1284/1284 1285/1285/1285
f 1236/1236/1236 1285/1285/1285 1237/1237/1237
f 1237/1237/1237 1285/1285/1285 1286/1286/1286
f 1237/1237/1237 1286/1286/1286 1238/1238/1238
f 1238/1238/1238 1286/1286/1286 1287/1287/1287
f 1238/1238/1238 1287/1287/1287 1239/1239/1239
f 1239/1239/1239 1287/1287/1287 1288/1288/1288
f 1239/1239/1239 1288/1288/1288 1240/1240/1240
f 1240/1240/1240 1288/1288/1288 1289/1289/1289
f 1240/1240/1240 1289/1289/1289 1241/1241/1241
f 1241/1241/1241 1289/1289/1289 1290/1290/1290
f 1241/1241/1241 1290/1290/1290 1242/1242/1242
f 1242/1242/1242 1290/1290/1290 1291/1291/1291
f 1242/1242/1242 1291/1291/1291 1243/1243/1243
f 1243/1243/1243 1291/1291/1291 1292/1292/1292
f 1243/1243/1243 1292/1292/1292 1244/1244/1244
f 1244/1244/1244 1292/1292/1292 1293/1293/1293
f 1244/1244/1244 1293/1293/1293 1245/1245/1245
f 1245/1245/1245 1293/1293/1293 1294/1294/1294
f 1245/1245/1245 1294/1294/1294 1246/1246/1246
f 1246/1246/1246 1294/1294/1294 1295/1295/1295
f 1246/1246/1246 1295/1295/1295 1247/1247/1247
f 1247/1247/1247 1295/1295/1295 1296/1296/1296
f 1247/1247/1247 1296/1296/1296 1248/1248/1248
f 1248/1248/1248 1296/1296/1296 1297/1297/1297
f 1248/1248/1248 1297/1297/1297 1249/1249/1249
f 1249/1249/1249 1297/1297/1297 1298/1298/1298
f 1249/1249/1249 1298/1298/1298 1250/1250/1250
f 1250/1250/1250 1298/1298/1298 1299/1299/1299
f 1250/1250/1250 1299/1299/1299 1251/1251/1251
f 1251/1251/1251 1299/1299/1299 1300/1300/1300
f 1251/1251/1251 1300/1300/1300 1252/1252/1252
f 1252/1252/1252 1300/1300/1300 1301/1301/1301
f 1252/1252/1252 1301/1301/1301 1253/1253/1253
f 1253/1253/1253 1301/1301/1301 1302/1302/1302
f 1253/1253/1253 1302/1302/1302 1254/1254/1254
f 1254/1254/1254 1302/1302/1302 1303/1303/1303
f 1254/1254/1254 1303/1303/1303 1255/1255/1255
f 1255/1255/1255 1303/1303/1303 1304/1304/1304
f 1255/1255/1255 1304/1304/1304 1256/1256/1256
f 1256/1256/1256 1304/1304/1304 1305/1305/1305
f 1256/1256/1256 1305/1305/1305 1257/1257/1257
f 1257/1257/1257 1305/1305/1305 1306/1306/1306
f 1257/1257/1257 1306/1306/1306 1258/1258/1258
f 1258/1258/1258 1306/1306/1306 1307/1307/1307
f 1258/1258/1258 1307/1307/1307 1259/1259/1259
f 1259/1259/1259 1307/1307/1307 1308/1308/1308
f 1259/1259/1259 1308/1308/1308 1260/1260/1260
f 1260/1260/1260 1308/1308/1308 1309/1309/1309
f 1260/1260/1260 1309/1309/1309 1261/1261/1261
f 1261/1261/1261 1309/1309/1309 1310/1310/1310
f 1261/1261/1261 1310/1310/1310 1262/1262/1262
f 1262/1262/1262 1310/1310/1310 1311/1311/1311
f 1262/1262/1262 1311/1311/1311 1263/1263/1263
f 1263/1263/1263 1311/1311/1311 1312/1312/1312
f 1263/1263/1263 1312/1312/1312 1264/1264/1264
f 1264/1264/1264 1312/1312/1312 1313/1313/1313
f 1264/1264/1264 1313/1313/1313 1265/1265/1265
f 1265/1265/1265 1313/1313/1313 1314/1314/1314
f 1265/1265/1265 1314/1314/1314 1266/1266/1266
f 1266/1266/1266 1314/1314/1314 1315/1315/1315
f 1266/1266/1266 1315/1315/1315 1267/1267/1267
f 1267/1267/1267 1315/1315/1315 1316/1316/1316
f 1267/1267/1267 1316/1316/1316 1268/1268/1268
f 1268/1268/1268 1316/1316/1316 1317/1317/1317
f 1268/1268/1268 1317/1317/1317 1269/1269/1269
f 1269/1269/1269 1317/1317/1317 1318/1318/1318
f 1269/1269/1269 1318/1318/1318 1270/1270/1270
f 1270/1270/1270 1318/1318/1318 1319/1319/1319
f 1270/1270/1270 1319/1319/1319 1271/1271/1271
f 1271/1271/1271 1319/1319/1319 1320/1320/1320
f 1271/1271/1271 1320/1320/1320 1272/1272/1272
f 1272/1272/1272 1320/1320/1320 1321/1321/1321
f 1272/1272/1272 1321/1321/1321 1273/1273/1273
f 1273/1273/1273 1321/1321/1321 1322/1322/1322
f 1273/1273/1273 1322/1322/1322 1274/1274/1274
f 1274/1274/1274 1322/1322/1322 1323/1323/1323
f 1275/1275/1275 1324/1324/1324 1276/1276/1276
f 1276/1276/1276 1324/1324/1324 1325/1325/1325
f 1276/1276/1276 1325/1325/1325 1277/1277/1277
f 1277/1277/1277 1325/1325/1325 1326/1326/1326
f 1277/1277/1277 1326/1326/1326 1278/1278/1278
f 1278/1278/1278 1326/1326/1326 1327/1327/1327
f 1278/1278/1278 1327/1327/1327 1279/1279/1279
f 1279/1279/1279 1327/1327/1327 1328/1328/1328
f 1279/1279/1279 1328/1328/1328 1280/1280/1280
f 1280/1280/1280 1328/1328/1328 1329/1329/1329
f 1280/1280/1280 1329/1329/1329 1281/1281/1281
f 1281/1281/1281 1329/1329/1329 1330/1330/1330
f 1281/1281/1281 1330/1330/1330 1282/1282/1282
f 1282/1282/1282 1330/1330/1330 1331/1331/1331
f 1282/1282/1282 1331/1331/1331 1283/1283/1283
f 1283/1283/1283 1331/1331/1331 1332/1332/1332
f 1283/1283/1283 1332/1332/1332 1284/1284/1284
f 1284/1284/1284 1332/1332/1332 1333/1333/1333
f 1284/1284/1284 1333/1333/1333 1285/1285/1285
f 1285/1285/1285 1333/1333/1333 1334/1334/1334
f 1285/1285/1285 1334/1334/1334 1286/1286/1286
f 1286/1286/1286 1334/1334/1334 1335/1335/1335
f 1286/1286/1286 1335/1335/1335 1287/1287/1287
f 1287/1287/1287 1335/1335/1335 1336/1336/1336
f 1287/1287/1287 1336/1336/1336 1288/1288/1288
f 1288/1288/1288 1336/1336/1336 1337/1337/1337
f 1288/1288/1288 1337/1337/1337 1289/1289/1289
f 1289/1289/1289 1337/1337/1337 1338/1338/1338
f 1289/1289/1289 1338/1338/1338 1290/1290/1290
f 1290/1290/1290 1338/1338/1338 1339/1339/1339
f 1290/1290/1290 1339/1339/1339 1291/1291/1291
f 1291/1291/1291 1339/1339/1339 1340/1340/1340
f 1291/1291/1291 1340/1340/1340 1292/1292/1292
f 1292/1292/1292 1340/1340/1340 1341/1341/1341
f 1292/1292/1292 1341/1341/1341 1293/1293/1293
f 1293/1293/1293 1341/1341/1341 1342/1342/1342
f 1293/1293/1293 1342/1342/1342 1294/1294/1294
f 1294/1294/1294 1342/1342/1342 1343/1343/1343
f 1294/1294/1294 1343/1343/1343 1295/1295/1295
f 1295/1295/1295 1343/1343/1343 1344/1344/1344
f 1295/1295/1295 1344/1344/1344 1296/1296/1296
f 1296/1296/1296 1344/1344/1344 1345/1345/1345
f 1296/1296/1296 1345/1345/1345 1297/1297/1297
f 1297/1297/1297 1345/1345/1345 1346/1346/1346
f 1297/1297/1297 1346/1346/1346 1298/1298/1298
f 1298/1298/1298 1346/1346/1346 1347/1347/1347
f 1298/1298/1298 1347/1347/1347 1299/1299/1299
f 1299/1299/1299 1347/1347/1347 1348/1348/1348
f 1299/1299/1299 1348/1348/1348 1300/1300/1300
f 1300/1300/1300 1348/1348/1348 1349/1349/1349
f 1300/1300/1300 1349/1349/1349 1301/1301/1301
f 1301/1301/1301 1349/1349/1349 1350/1350/1350
f 1301/1301/1301 1350/1350/1350 1302/1302/1302
f 1302/1302/1302 1350/1350/1350 1351/1351/1351
f 1302/1302/1302 1351/1351/1351 1303/1303/1303
f 1303/1303/1303 1351/1351/1351 1352/1352/1352
f 1303/1303/1303 1352/1352/1352 1304/1304/1304
f 1304/1304/1304 1352/1352/1352 1353/1353/1353
f 1304/1304/1304 1353/1353/1353 1305/1305/1305
f 1305/1305/1305 1353/1353/1353 1354/1354/1354
f 1305/1305/1305 1354/1354/1354 1306/1306/1306
f 1306/1306/1306 1354/1354/1354 1355/1355/1355
f 1306/1306/1306 1355/1355/1355 1307/1307/1307
f 1307/1307/1307 1355/1355/1355 1356/1356/1356
f 1307/1307/1307 1356/1356/1356 1308/1308/1308
f 1308/1308/1308 1356/1356/1356 1357/1357/1357
f 1308/1308/1308 1357/1357/1357 1309/1309/1309
f 1309/1309/1309 1357/1357/1357 1358/1358/1358
f 1309/1309/1309 1358/1358/1358 1310/1310/1310
f 1310/1310/1310 1358/1358/1358 1359/1359/1359
f 1310/1310/1310 1359/1359/1359 1311/1311/1311
f 1311/1311/1311 1359/1359/1359 1360/1360/1360
f 1311/1311/1311 1360/1360/1360 1312/1312/1312
f 1312/1312/1312 1360/1360/1360 1361/1361/1361
f 1312/1312/1312 1361/1361/1361 1313/1313/1313
f 1313/1313/1313 1361/1361/1361 1362/1362/1362
f 1313/1313/1313 1362/1362/1362 1314/1314/1314
f 1314/1314/1314 1362/1362/1362 1363/1363/1363
f 1314/1314/1314 1363/1363/1363 1315/1315/1315
f 1315/1315/1315 1363/1363/1363 1364/1364/1364
f 1315/1315/1315 1364/1364/1364 1316/1316/1316
f 1316/1316/1316 1364/1364/1364 1365/1365/1365
f 1316/1316/1316 1365/1365/1365 1317/1317/1317
f 1317/1317/1317 1365/1365/1365 1366/1366/1366
f 1317/1317/1317 1366/1366/1366 1318/1318/1318
f 1318/1318/1318 1366/1366/1366 1367/1367/1367
f 1318/1318/1318 1367/1367/1367 1319/1319/1319
f 1319/1319/1319 1367/1367/1367 1368/1368/1368
f 1319/1319/1319 1368/1368/1368 1320/1320/1320
f 1320/1320/1320 1368/1368/1368 1369/1369/1369
f 1320/1320/1320 1369/1369/1369 1321/1321/1321
f 1321/1321/1321 1369/1369/1369 1370/1370/1370
f 1321/1321/1321 1370/1370/1370 1322/1322/1322
f 1322/1322/1322 1370/1370/1370 1371/1371/1371
f 1322/1322/1322 1371/1371/1371 1323/1323/1323
f 1323/1323/1323 1371/1371/1371 1372/1372/1372
f 1324/1324/1324 1373/1373/1373 1325/1325/1325
f 1325/1325/1325 1373/1373/1373 1374/1374/1374
f 1325/1325/1325 1374/1374/1374 1326/1326/1326
f 1326/1326/1326 1374/1374/1374 1375/1375/1375
f 1326/1326/1326 1375/1375/1375 1327/1327/1327
f 1327/1327/1327 1375/1375/1375 1376/1376/1376
f 1327/1327/1327 1376/1376/1376 1328/1328/1328
f 1328/1328/1328 1376/1376/1376 1377/1377/1377
f 1328/1328/1328 1377/1377/1377 1329/1329/1329
f 1329/1329/1329 1377/1377/1377 1378/1378/1378
f 1329/1329/1329 1378/1378/1378 1330/1330/1330
f 1330/1330/1330 1378/1378/1378 1379/1379/1379
f 1330/1330/1330 1379/1379/1379 1331/1331/1331
f 1331/1331/1331 1379/1379/1379 1380/1380/1380
f 1331/1331/1331 1380/1380/1380 1332/1332/1332
f 1332/1332/1332 1380/1380/1380 1381/1381/1381
f 1332/1332/1332 1381/1381/1381 1333/1333/1333
f 1333/1333/1333 1381/1381/1381 1382/1382/1382
f 1333/1333/1333 1382/1382/1382 1334/1334/1334
f 1334/1334/1334 1382/1382/1382 1383/1383/1383
f 1334/1334/1334 1383/1383/1383 1335/1335/1335
f 1335/1335/1335 1383/1383/1383 1384/1384/1384
f 1335/1335/1335 1384/1384/1384 1336/1336/1336
f 1336/1336/1336 1384/1384/1384 1385/1385/1385
f 1336/1336/1336 1385/1385/1385 1337/1337/1337
f 1337/1337/1337 1385/1385/1385 1386/1386/1386
f 1337/1337/1337 1386/1386/1386 1338/1338/1338
f 1338/1338/1338 1386/1386/1386 1387/1387/1387
f 1338/1338/1338 1387/1387/1387 1339/1339/1339
f 1339/1339/1339 1387/1387/1387 1388/1388/1388
f 1339/1339/1339 1388/1388/1388 1340/1340/1340
f 1340/1340/1340 1388/1388/1388 1389/1389/1389
f 1340/1340/1340 1389/1389/1389 1341/1341/1341
f 1341/1341/1341 1389/1389/1389 1390/1390/1390
f 1341/1341/1341 1390/1390/1390 1342/1342/1342
f 1342/1342/1342 1390/1390/1390 1391/1391/1391
f 1342/1342/1342 1391/1391/1391 1343/1343/1343
f 1343/1343/1343 1391/1391/1391 1392/1392/1392
f 1343/1343/1343 1392/1392/1392 1344/1344/1344
f 1344/1344/1344 1392/1392/1392 1393/1393/1393
f 1344/1344/1344 1393/1393/1393 1345/1345/1345
f 1345/1345/1345 1393/1393/1393 1394/1394/1394
f 1345/1345/1345 1394/1394/1394 1346/1346/1346
f 1346/1346/1346 1394/1394/1394 1395/1395/1395
f 1346/1346/1346 1395/1395/1395 1347/1347/1347
f 1347/1347/1347 1395/1395/1395 1396/1396/1396
f 1347/1347/1347 1396/1396/1396 1348/1348/1348
f 1348/1348/1348 1396/1396/1396 1397/1397/1397
f 1348/1348/1348 1397/1397/1397 1349/1349/1349
f 1349/1349/1349 1397/1397/1397 1398/1398/1398
f 1349/1349/1349 1398/1398/1398 1350/1350/1350
f 1350/1350/1350 1398/1398/1398 1399/1399/1399
f 1350/1350/1350 1399/1399/1399 1351/1351/1351
f 1351/1351/1351 1399/1399/1399 1400/1400/1400
f 1351/1351/1351 1400/1400/1400 1352/1352/1352
f 1352/1352/1352 1400/1400/1400 1401/1401/1401
f 1352/1352/1352 1401/1401/1401 1353/1353/1353
f 1353/1353/1353 1401/1401/1401 1402/1402/1402
f 1353/1353/1353 1402/1402/1402 1354/1354/1354
f 1354/1354/1354 1402/1402/1402 1403/1403/1403
f 1354/1354/1354 1403/1403/1403 1355/1355/1355
f 1355/1355/1355 1403/1403/1403 1404/1404/1404
f 1355/1355/1355 1404/1404/1404 1356/1356/1356
f 1356/1356/1356 1404/1404/1404 1405/1405/1405
f 1356/1356/1356 1405/1405/1405 1357/1357/1357
f 1357/1357/1357 1405/1405/1405 1406/1406/1406
f 1357/1357/1357 1406/1406/1406 1358/1358/1358
f 1358/1358/1358 1406/1406/1406 1407/1407/1407
f 1358/1358/1358 1407/1407/1407 1359/1359/1359
f 1359/1359/1359 1407/1407/1407 1408/1408/1408
f 1359/1359/1359 1408/1408/1408 1360/1360/1360
f 1360/1360/1360 1408/1408/1408 1409/1409/1409
f 1360/1360/1360 1409/1409/1409 1361/1361/1361
f 1361/1361/1361 1409/1409/1409 1410/1410/1410
f 1361/1361/1361 1410/1410/1410 1362/1362/1362
f 1362/1362/1362 1410/1410/1410 1411/1411/1411
f 1362/1362/1362 1411/1411/1411 1363/1363/1363
f 1363/1363/1363 1411/1411/1411 1412/1412/1412
f 1363/1363/1363 1412/1412/1412 1364/1364/1364
f 1364/1364/1364 1412/1412/1412 1413/1413/1413
f 1364/1364/1364 1413/1413/1413 1365/1365/1365
f 1365/1365/1365 1413/1413/1413 1414/1414/1414
f 1365/1365/1365 1414/1414/1414 1366/1366/1366
f 1366/1366/1366 1414/1414/1414 1415/1415/1415
f 1366/1366/1366 1415/1415/1415 1367/1367/1367
f 1367/1367/1367 1415/1415/1415 1416/1416/1416
f 1367/1367/1367 1416/1416/1416 1368/1368/1368
f 1368/1368/1368 1416/1416/1416 1417/1417/1417
f 1368/1368/1368 1417/1417/1417 1369/1369/1369
f 1369/1369/1369 1417/1417/1417 1418/1418/1418
f 1369/1369/1369 1418/1418/1418 1370/1370/1370
f 1370/1370/1370 1418/1418/1418 1419/1419/1419
f 1370/1370/1370 1419/1419/1419 1371/1371/1371
f 1371/1371/1371 1419/1419/1419 1420/1420/1420
f 1371/1371/1371 1420/1420/1420 1372/1372/1372
f 1372/1372/1372 1420/1420/1420 1421/1421/1421
f 1373/1373/1373 1422/1422/1422 1374/1374/1374
f 1374/1374/1374 1422/1422/1422 1423/1423/1423
f 1374/1374/1374 1423/1423/1423 1375/1375/1375
f 1375/1375/1375 1423/1423/1423 1424/1424/1424
f 1375/1375/1375 1424/1424/1424 1376/1376/1376
f 1376/1376/1376 1424/1424/1424 1425/1425/1425
f 1376/1376/1376 1425/1425/1425 1377/1377/1377
f 1377/1377/1377 1425/1425/1425 1426/1426/1426
f 1377/1377/1377 1426/1426/1426 1378/1378/1378
f 1378/1378/1378 1426/1426/1426 1427/1427/1427
f 1378/1378/1378 1427/1427/1427 1379/1379/1379
f 1379/1379/1379 1427/1427/1427 1428/1428/1428
f 1379/1379/1379 1428/1428/1428 1380/1380/1380
f 1380/1380/1380 1428/1428/1428 1429/1429/1429
f 1380/1380/1380 1429/1429/1429 1381/1381/1381
f 1381/1381/1381 1429/1429/1429 1430/1430/1430
f 1381/1381/1381 1430/1430/1430 1382/1382/1382
f 1382/1382/1382 1430/1430/1430 1431/1431/1431
f 1382/1382/1382 1431/1431/1431 1383/1383/1383
f 1383/1383/1383 1431/1431/1431 1432/1432/1432
f 1383/1383/1383 1432/1432/1432 1384/1384/1384
f 1384/1384/1384 1432/1432/1432 1433/1433/1433
f 1384/1384/1384 1433/1433/1433 1385/1385/1385
f 1385/1385/1385 1433/1433/1433 1434/1434/1434
f 1385/1385/1385 1434/1434/1434 1386/1386/1386
f 1386/1386/1386 1434/1434/1434 1435/1435/1435
f 1386/1386/1386 1435/1435/1435 1387/1387/1387
f 1387/1387/1387 1435/1435/1435 1436/1436/1436
f 1387/1387/1387 1436/1436/1436 1388/1388/1388
f 1388/1388/1388 1436/1436/1436 1437/1437/1437
f 1388/1388/1388 1437/1437/1437 1389/1389/1389
f 1389/1389/1389 1437/1437/1437 1438/1438/1438
f 1389/1389/1389 1438/1438/1438 1390/1390/1390
f 1390/1390/1390 1438/1438/1438 1439/1439/1439
f 1390/1390/1390 1439/1439/1439 1391/1391/1391
f 1391/1391/1391 1439/1439/1439 1440/1440/1440
f 1391/1391/1391 1440/1440/1440 1392/1392/1392
f 1392/1392/1392 1440/1440/1440 1441/1441/1441
f 1392/1392/1392 1441/1441/1441 1393/1393/1393
f 1393/1393/1393 1441/1441/1441 1442/1442/1442
f 1393/1393/1393 1442/1442/1442 1394/1394/1394
f 1394/1394/1394 1442/1442/1442 1443/1443/1443
f 1394/1394/1394 1443/1443/1443 1395/1395/1395
f 1395/1395/1395 1443/1443/1443 1444/1444/1444
f 1395/1395/1395 1444/1444/1444 1396/1396/1396
f 1396/1396/1396 1444/1444/1444 1445/1445/1445
f 1396/1396/1396 1445/1445/1445 1397/1397/1397
f 1397/1397/1397 1445/1445/1445 1446/1446/1446
f 1397/1397/1397 1446/1446/1446 1398/1398/1398
f 1398/1398/1398 1446/1446/1446 1447/1447/1447
f 1398/1398/1398 1447/1447/1447 1399/1399/1399
f 1399/1399/1399 1447/1447/1447 1448/1448/1448
f 1399/1399/1399 1448/1448/1448 1400/1400/1400
f 1400/1400/1400 1448/1448/1448 1449/1449/1449
f 1400/1400/1400 1449/1449/1449 1401/1401/1401
f 1401/1401/1401 1449/1449/1449 1450/1450/1450
f 1401/1401/1401 1450/1450/1450 1402/1402/1402
f 1402/1402/1402 1450/1450/1450 1451/1451/1451
f 1402/1402/1402 1451/1451/1451 1403/1403/1403
f 1403/1403/1403 1451/1451/1451 1452/1452/1452
f 1403/1403/1403 1452/1452/1452 1404/1404/1404
f 1404/1404/1404 1452/1452/1452 1453/1453/1453
f 1404/1404/1404 1453/1453/1453 1405/1405/1405
f 1405/1405/1405 1453/1453/1453 1454/1454/1454
f 1405/1405/1405 1454/1454/1454 1406/1406/1406
f 1406/1406/1406 1454/1454/1454 1455/1455/1455
f 1406/1406/1406 1455/1455/1455 1407/1407/1407
f 1407/1407/1407 1455/1455/1455 1456/1456/1456
f 1407/1407/1407 1456/1456/1456 1408/1408/1408
f 1408/1408/1408 1456/1456/1456 1457/1457/1457
f 1408/1408/1408 1457/1457/1457 1409/1409/1409
f 1409/1409/1409 1457/1457/1457 1458/1458/1458
f 1409/1409/1409 1458/1458/1458 1410/1410/1410
f 1410/1410/1410 1458/1458/1458 1459/1459/1459
f 1410/1410/1410 1459/1459/1459 1411/1411/1411
f 1411/1411/1411 1459/1459/1459 1460/1460/1460
f 1411/1411/1411 1460/1460/1460 1412/1412/1412
f 1412/1412/1412 1460/1460/1460 1461/1461/1461
f 1412/1412/1412 1461/1461/1461 1413/1413/1413
f 1413/1413/1413 1461/1461/1461 1462/1462/1462
f 1413/1413/1413 1462/1462/1462 1414/1414/1414
f 1414/1414/1414 1462/1462/1462 1463/1463/1463
f 1414/1414/1414 1463/1463/1463 1415/1415/1415
f 1415/1415/1415 1463/1463/1463 1464/1464/1464
f 1415/1415/1415 1464/1464/1464 1416/1416/1416
f 1416/1416/1416 1464/1464/1464 1465/1465/1465
f 1416/1416/1416 1465/1465/1465 1417/1417/1417
f 1417/1417/1417 1465/1465/1465 1466/1466/1466
f 1417/1417/1417 1466/1466/1466 1418/1418/1418
f 1418/1418/1418 1466/1466/1466 1467/1467/1467
f 1418/1418/1418 1467/1467/1467 1419/1419/1419
f 1419/1419/1419 1467/1467/1467 1468/1468/1468
f 1419/1419/1419 1468/1468/1468 1420/1420/1420
f 1420/1420/1420 1468/1468/1468 1469/1469/1469
f 1420/1420/1420 1469/1469/1469 1421/1421/1421
f 1421/1421/1421 1469/1469/1469 1470/1470/1470
f 1422/1422/1422 1471/1471/1471 1423/1423/1423
f 1423/1423/1423 1471/1471/1471 1472/1472/1472
f 1423/1423/1423 1472/1472/1472 1424/1424/1424
f 1424/1424/1424 1472/1472/1472 1473/1473/1473
f 1424/1424/1424 1473/1473/1473 1425/1425/1425
f 1425/1425/1425 1473/1473/1473 1474/1474/1474
f 1425/1425/1425 1474/1474/1474 1426/1426/1426
f 1426/1426/1426 1474/1474/1474 1475/1475/1475
f 1426/1426/1426 1475/1475/1475 1427/1427/1427
f 1427/1427/1427 1475/1475/1475 1476/1476/1476
f 1427/1427/1427 1476/1476/1476 1428/1428/1428
f 1428/1428/1428 1476/1476/1476 1477/1477/1477
f 1428/1428/1428 1477/1477/1477 1429/1429/1429
f 1429/1429/1429 1477/1477/1477 1478/1478/1478
f 1429/1429/1429 1478/1478/1478 1430/1430/1430
f 1430/1430/1430 1478/1478/1478 1479/1479/1479
f 1430/1430/1430 1479/1479/1479 1431/1431/1431
f 1431/1431/1431 1479/1479/1479 1480/1480/1480
f 1431/1431/1431 1480/1480/1480 1432/1432/1432
f 1432/1432/1432 1480/1480/1480 1481/1481/1481
f 1432/1432/1432 1481/1481/1481 1433/1433/1433
f 1433/1433/1433 1481/1481/1481 1482/1482/1482
f 1433/1433/1433 1482/1482/1482 1434/1434/1434
f 1434/1434/1434 1482/1482/1482 1483/1483/1483
f 1434/1434/1434 1483/1483/1483 1435/1435/1435
f 1435/1435/1435 1483/1483/1483 1484/1484/1484
f 1435/1435/1435 1484/1484/1484 1436/1436/1436
f 1436/1436/1436 1484/1484/1484 1485/1485/1485
f 1436/1436/1436 1485/1485/1485 1437/1437/1437
f 1437/1437/1437 1485/1485/1485 1486/1486/1486
f 1437/1437/1437 1486/1486/1486 1438/1438/1438
f 1438/1438/1438 1486/1486/1486 1487/1487/1487
f 1438/1438/1438 1487/1487/1487 1439/1439/1439
f 1439/1439/1439 1487/1487/1487 1488/1488/1488
f 1439/1439/1439 1488/1488/1488 1440/1440/1440
f 1440/1440/1440 1488/1488/1488 1489/1489/1489
f 1440/1440/1440 1489/1489/1489 1441/1441/1441
f 1441/1441/1441 1489/1489/1489 1490/1490/1490
f 1441/1441/1441 1490/1490/1490 1442/1442/1442
f 1442/1442/1442 1490/1490/1490 1491/1491/1491
f 1442/1442/1442 1491/1491/1491 1443/1443/1443
f 1443/1443/1443 1491/1491/1491 1492/1492/1492
f 1443/1443/1443 1492/1492/1492 1444/1444/1444
f 1444/1444/1444 1492/1492/1492 1493/1493/1493
f 1444/1444/1444 1493/1493/1493 1445/1445/1445
f 1445/1445/1445 1493/1493/1493 1494/1494/1494
f 1445/1445/1445 1494/1494/1494 1446/1446/1446
f 1446/1446/1446 1494/1494/1494 1495/1495/1495
f 1446/1446/1446 1495/1495/1495 1447/1447/1447
f 1447/1447/1447 1495/1495/1495 1496/1496/1496
f 1447/1447/1447 1496/1496/1496 1448/1448/1448
f 1448/1448/1448 1496/1496/1496 1497/1497/1497
f 1448/1448/1448 1497/1497/1497 1449/1449/1449
f 1449/1449/1449 1497/1497/1497 1498/1498/1498
f 1449/1449/1449 1498/1498/1498 1450/1450/1450
f 1450/1450/1450 1498/1498/1498 1499/1499/1499
f 1450/1450/1450 1499/1499/1499 1451/1451/1451
f 1451/1451/1451 1499/1499/1499 1500/1500/1500
f 1451/1451/1451 1500/1500/1500 1452/1452/1452
f 1452/1452/1452 1500/1500/1500 1501/1501/1501
f 1452/1452/1452 1501/1501/1501 1453/1453/1453
f 1453/1453/1453 1501/1501/1501 1502/1502/1502
f 1453/1453/1453 1502/1502/1502 1454/1454/1454
f 1454/1454/1454 1502/1502/1502 1503/1503/1503
f 1454/1454/1454 1503/1503/1503 1455/1455/1455
f 1455/1455/1455 1503/1503/1503 1504/1504/1504
f 1455/1455/1455 1504/1504/1504 1456/1456/1456
f 1456/1456/1456 1504/1504/1504 1505/1505/1505
f 1456/1456/1456 1505/1505/1505 1457/1457/1457
f 1457/1457/1457 1505/1505/1505 1506/1506/1506
f 1457/1457/1457 1506/1506/1506 1458/1458/1458
f 1458/1458/1458 1506/1506/1506 1507/1507/1507
f 1458/1458/1458 1507/1507/1507 1459/1459/1459
f 1459/1459/1459 1507/1507/1507 1508/1508/1508
f 1459/1459/1459 1508/1508/1508 1460/1460/1460
f 1460/1460/1460 1508/1508/1508 1509/1509/1509
f 1460/1460/1460 1509/1509/1509 1461/1461/1461
f 1461/1461/1461 1509/1509/1509 1510/1510/1510
f 1461/1461/1461 1510/1510/1510 1462/1462/1462
f 1462/1462/1462 1510/1510/1510 1511/1511/1511
f 1462/1462/1462 1511/1511/1511 1463/1463/1463
f 1463/1463/1463 1511/1511/1511 1512/1512/1512
f 1463/1463/1463 1512/1512/1512 1464/1464/1464
f 1464/1464/1464 1512/1512/1512 1513/1513/1513
f 1464/1464/1464 1513/1513/1513 1465/1465/1465
f 1465/1465/1465 1513/1513/1513 1514/1514/1514
f 1465/1465/1465 1514/1514/1514 1466/1466/1466
f 1466/1466/1466 1514/1514/1514 1515/1515/1515
f 1466/1466/1466 1515/1515/1515 1467/1467/1467
f 1467/1467/1467 1515/1515/1515 1516/1516/1516
f 1467/1467/1467 1516/1516/1516 1468/1468/1468
f 1468/1468/1468 1516/1516/1516 1517/1517/1517
f 1468/1468/1468 1517/1517/1517 1469/1469/1469
f 1469/1469/1469 1517/1517/1517 1518/1518/1518
f 1469/1469/1469 1518/1518/1518 1470/1470/1470
f 1470/1470/1470 1518/1518/1518 1519/1519/1519
f 1471/1471/1471 1520/1520/1520 1472/1472/1472
f 1472/1472/1472 1520/1520/1520 1521/1521/1521
f 1472/1472/1472 1521/1521/1521 1473/1473/1473
f 1473/1473/1473 1521/1521/1521 1522/1522/1522
f 1473/1473/1473 1522/1522/1522 1474/1474/1474
f 1474/1474/1474 1522/1522/1522 1523/1523/1523
f 1474/1474/1474 1523/1523/1523 1475/1475/1475
f 1475/1475/1475 1523/1523/1523 1524/1524/1524
f 1475/1475/1475 1524/1524/1524 1476/1476/1476
f 1476/1476/1476 1524/1524/1524 1525/1525/1525
f 1476/1476/1476 1525/1525/1525 1477/1477/1477
f 1477/1477/1477 1525/1525/1525 1526/1526/1526
f 1477/1477/1477 1526/1526/1526 1478/1478/1478
f 1478/1478/1478 1526/1526/1526 1527/1527/1527
f 1478/1478/1478 1527/1527/1527 1479/1479/1479
f 1479/1479/1479 1527/1527/1527 1528/1528/1528
f 1479/1479/1479 1528/1528/1528 1480/1480/1480
f 1480/1480/1480 1528/1528/1528 1529/1529/1529
f 1480/1480/1480 1529/1529/1529 1481/1481/1481
f 1481/1481/1481 1529/1529/1529 1530/1530/1530
f 1481/1481/1481 1530/1530/1530 1482/1482/1482
f 1482/1482/1482 1530/1530/1530 1531/1531/1531
f 1482/1482/1482 1531/1531/1531 1483/1483/1483
f 1483/1483/1483 1531/1531/1531 1532/1532/1532
f 1483/1483/1483 1532/1532/1532 1484/1484/1484
f 1484/1484/1484 1532/1532/1532 1533/1533/1533
f 1484/1484/1484 1533/1533/1533 1485/1485/1485
f 1485/1485/1485 1533/1533/1533 1534/1534/1534
f 1485/1485/1485 1534/1534/1534 1486/1486/1486
f 1486/1486/1486 1534/1534/1534 1535/1535/1535
f 1486/1486/1486 1535/1535/1535 1487/1487/1487
f 1487/1487/1487 1535/1535/1535 1536/1536/1536
f 1487/1487/1487 1536/1536/1536 1488/1488/1488
f 1488/1488/1488 1536/1536/1536 1537/1537/1537
f 1488/1488/1488 1537/1537/1537 1489/1489/1489
f 1489/1489/1489 1537/1537/1537 1538/1538/1538
f 1489/1489/1489 1538/1538/1538 1490/1490/1490
f 1490/1490/1490 1538/1538/1538 1539/1539/1539
f 1490/1490/1490 1539/1539/1539 1491/1491/1491
f 1491/1491/1491 1539/1539/1539 1540/1540/1540
f 1491/1491/1491 1540/1540/1540 1492/1492/1492
f 1492/1492/1492 1540/1540/1540 1541/1541/1541
f 1492/1492/1492 1541/1541/1541 1493/1493/1493
f 1493/1493/1493 1541/1541/1541 1542/1542/1542
f 1493/1493/1493 1542/1542/1542 1494/1494/1494
f 1494/1494/1494 1542/1542/1542 1543/1543/1543
f 1494/1494/1494 1543/1543/1543 1495/1495/1495
f 1495/1495/1495 1543/1543/1543 1544/1544/1544
f 1495/1495/1495 1544/1544/1544 1496/1496/1496
f 1496/1496/1496 1544/1544/1544 1545/1545/1545
f 1496/1496/1496 1545/1545/1545 1497/1497/1497
f 1497/1497/1497 1545/1545/1545 1546/1546/1546
f 1497/1497/1497 1546/1546/1546 1498/1498/1498
f 1498/1498/1498 1546/1546/1546 1547/1547/1547
f 1498/1498/1498 1547/1547/1547 1499/1499/1499
f 1499/1499/1499 1547/1547/1547 1548/1548/1548
f 1499/1499/1499 1548/1548/1548 1500/1500/1500
f 1500/1500/1500 1548/1548/1548 1549/1549/1549
f 1500/1500/1500 1549/1549/1549 1501/1501/1501
f 1501/1501/1501 1549/1549/1549 1550/1550/1550
f 1501/1501/1501 1550/1550/1550 1502/1502/1502
f 1502/1502/1502 1550/1550/1550 1551/1551/1551
f 1502/1502/1502 1551/1551/1551 1503/1503/1503
f 1503/1503/1503 1551/1551/1551 1552/1552/1552
f 1503/1503/1503 1552/1552/1552 1504/1504/1504
f 1504/1504/1504 1552/1552/1552 1553/1553/1553
f 1504/1504/1504 1553/1553/1553 1505/1505/1505
f 1505/1505/1505 1553/1553/1553 1554/1554/1554
f 1505/1505/1505 1554/1554/1554 1506/1506/1506
f 1506/1506/1506 1554/1554/1554 1555/1555/1555
f 1506/1506/1506 1555/1555/1555 1507/1507/1507
f 1507/1507/1507 1555/1555/1555 1556/1556/1556
f 1507/1507/1507 1556/1556/1556 1508/1508/1508
f 1508/1508/1508 1556/1556/1556 1557/1557/1557
f 1508/1508/1508 1557/1557/1557 1509/1509/1509
f 1509/1509/1509 1557/1557/1557 1558/1558/1558
f 1509/1509/1509 1558/1558/1558 1510/1510/1510
f 1510/1510/1510 1558/1558/1558 1559/1559/1559
f 1510/1510/1510 1559/1559/1559 1511/1511/1511
f 1511/1511/1511 1559/1559/1559 1560/1560/1560
f 1511/1511/1511 1560/1560/1560 1512/1512/1512
f 1512/1512/1512 1560/1560/1560 1561/1561/1561
f 1512/1512/1512 1561/1561/1561 1513/1513/1513
f 1513/1513/1513 1561/1561/1561 1562/1562/1562
f 1513/1513/1513 1562/1562/1562 1514/1514/1514
f 1514/1514/1514 1562/1562/1562 1563/1563/1563
f 1514/1514/1514 1563/1563/1563 1515/1515/1515
f 1515/1515/1515 1563/1563/1563 1564/1564/1564
f 1515/1515/1515 1564/1564/1564 1516/1516/1516
f 1516/1516/1516 1564/1564/1564 1565/1565/1565
f 1516/1516/1516 1565/1565/1565 1517/1517/1517
f 1517/1517/1517 1565/1565/1565 1566/1566/1566
f 1517/1517/1517 1566/1566/1566 1518/1518/1518
f 1518/1518/1518 1566/1566/1566 1567/1567/1567
f 1518/1518/1518 1567/1567/1567 1519/1519/1519
f 1519/1519/1519 1567/1567/1567 1568/1568/1568
f 1520/1520/1520 1569/1569/1569 1521/1521/1521
f 1521/1521/1521 1569/1569/1569 1570/1570/1570
f 1521/1521/1521 1570/1570/1570 1522/1522/1522
f 1522/1522/1522 1570/1570/1570 1571/1571/1571
f 1522/1522/1522 1571/1571/1571 1523/1523/1523
f 1523/1523/1523 1571/1571/1571 1572/1572/1572
f 1523/1523/1523 1572/1572/1572 1524/1524/1524
f 1524/1524/1524 1572/1572/1572 1573/1573/1573
f 1524/1524/1524 1573/1573/1573 1525/1525/1525
f 1525/1525/1525 1573/1573/1573 1574/1574/1574
f 1525/1525/1525 1574/1574/1574 1526/1526/1526
f 1526/1526/1526 1574/1574/1574 1575/1575/1575
f 1526/1526/1526 1575/1575/1575 1527/1527/1527
f 1527/1527/1527 1575/1575/1575 1576/1576/1576
f 1527/1527/1527 1576/1576/1576 1528/1528/1528
f 1528/1528/1528 1576/1576/1576 1577/1577/1577
f 1528/1528/1528 1577/1577/1577 1529/1529/1529
f 1529/1529/1529 1577/1577/1577 1578/1578/1578
f 1529/1529/1529 1578/1578/1578 1530/1530/1530
f 1530/1530/1530 1578/1578/1578 1579/1579/1579
f 1530/1530/1530 1579/1579/1579 1531/1531/1531
f 1531/1531/1531 1579/1579/1579 1580/1580/1580
f 1531/1531/1531 1580/1580/1580 1532/1532/1532
f 1532/1532/1532 1580/1580/1580 1581/1581/1581
f 1532/1532/1532 1581/1581/1581 1533/1533/1533
f 1533/1533/1533 1581/1581/1581 1582/1582/1582
f 1533/1533/1533 1582/1582/1582 1534/1534/1534
f 1534/1534/1534 1582/1582/1582 1583/1583/1583
f 1534/1534/1534 1583/1583/1583 1535/1535/1535
f 1535/1535/1535 1583/1583/1583 1584/1584/1584
f 1535/1535/1535 1584/1584/1584 1536/1536/1536
f 1536/1536/1536 1584/1584/1584 1585/1585/1585
f 1536/1536/1536 1585/1585/1585 1537/1537/1537
f 1537/1537/1537 1585/1585/1585 1586/1586/1586
f 1537/1537/1537 1586/1586/1586 1538/1538/1538
f 1538/1538/1538 1586/1586/1586 1587/1587/1587
f 1538/1538/1538 1587/1587/1587 1539/1539/1539
f 1539/1539/1539 1587/1587/1587 1588/1588/1588
f 1539/1539/1539 1588/1588/1588 1540/1540/1540
f 1540/1540/1540 1588/1588/1588 1589/1589/1589
f 1540/1540/1540 1589/1589/1589 1541/1541/1541
f 1541/1541/1541 1589/1589/1589 1590/1590/1590
f 1541/1541/1541 1590/1590/1590 1542/1542/1542
f 1542/1542/1542 1590/1590/1590 1591/1591/1591
f 1542/1542/1542 1591/1591/1591 1543/1543/1543
f 1543/1543/1543 1591/1591/1591 1592/1592/1592
f 1543/1543/1543 1592/1592/1592 1544/1544/1544
f 1544/1544/1544 1592/1592/1592 1593/1593/1593
f 1544/1544/1544 1593/1593/1593 1545/1545/1545
f 1545/1545/1545 1593/1593/1593 1594/1594/1594
f 1545/1545/1545 1594/1594/1594 1546/1546/1546
f 1546/1546/1546 1594/1594/1594 1595/1595/1595
f 1546/1546/1546 1595/1595/1595 1547/1547/1547
f 1547/1547/1547 1595/1595/1595 1596/1596/1596
f 1547/1547/1547 1596/1596/1596 1548/1548/1548
f 1548/1548/1548 1596/1596/1596 1597/1597/1597
f 1548/1548/1548 1597/1597/1597 1549/1549/1549
f 1549/1549/1549 1597/1597/1597 1598/1598/1598
f 1549/1549/1549 1598/1598/1598 1550/1550/1550
f 1550/1550/1550 1598/1598/1598 1599/1599/1599
f 1550/1550/1550 1599/1599/1599 1551/1551/1551
f 1551/1551/1551 1599/1599/1599 1600/1600/1600
f 1551/1551/1551 1600/1600/1600 1552/1552/1552
f 1552/1552/1552 1600/1600/1600 1601/1601/1601
f 1552/1552/1552 1601/1601/1601 1553/1553/1553
f 1553/1553/1553 1601/1601/1601 1602/1602/1602
f 1553/1553/1553 1602/1602/1602 1554/1554/1554
f 1554/1554/1554 1602/1602/1602 1603/1603/1603
f 1554/1554/1554 1603/1603/1603 1555/1555/1555
f 1555/1555/1555 1603/1603/1603 1604/1604/1604
f 1555/1555/1555 1604/1604/1604 1556/1556/1556
f 1556/1556/1556 1604/1604/1604 1605/1605/1605
f 1556/1556/1556 1605/1605/1605 1557/1557/1557
f 1557/1557/1557 1605/1605/1605 1606/1606/1606
f 1557/1557/1557 1606/1606/1606 1558/1558/1558
f 1558/1558/1558 1606/1606/1606 1607/1607/1607
f 1558/1558/1558 1607/1607/1607 1559/1559/1559
f 1559/1559/1559 1607/1607/1607 1608/1608/1608
f 1559/1559/1559 1608/1608/1608 1560/1560/1560
f 1560/1560/1560 1608/1608/1608 1609/1609/1609
f 1560/1560/1560 1609/1609/1609 1561/1561/1561
f 1561/1561/1561 1609/1609/1609 1610/1610/1610
f 1561/1561/1561 1610/1610/1610 1562/1562/1562
f 1562/1562/1562 1610/1610/1610 1611/1611/1611
f 1562/1562/1562 1611/1611/1611 1563/1563/1563
f 1563/1563/1563 1611/1611/1611 1612/1612/1612
f 1563/1563/1563 1612/1612/1612 1564/1564/1564
f 1564/1564/1564 1612/1612/1612 1613/1613/1613
f 1564/1564/1564 1613/1613/1613 1565/1565/1565
f 1565/1565/1565 1613/1613/1613 1614/1614/1614
f 1565/1565/1565 1614/1614/1614 1566/1566/1566
f 1566/1566/1566 1614/1614/1614 1615/1615/1615
f 1566/1566/1566 1615/1615/1615 1567/1567/1567
f 1567/1567/1567 1615/1615/1615 1616/1616/1616
f 1567/1567/1567 1616/1616/1616 1568/1568/1568
f 1568/1568/1568 1616/1616/1616 1617/1617/1617
